"id","municipio","nombre_municipio","distrito","nombre_distrito","distrito_federal"
1,1,Acuitzio,19,Tacambaro ,11
2,1,Acuitzio,19,Tacambaro ,11
3,1,Acuitzio,19,Tacambaro ,11
4,1,Acuitzio,19,Tacambaro ,11
5,1,Acuitzio,19,Tacambaro ,11
6,1,Acuitzio,19,Tacambaro ,11
7,1,Acuitzio,19,Tacambaro ,11
8,1,Acuitzio,19,Tacambaro ,11
9,1,Acuitzio,19,Tacambaro ,11
10,1,Acuitzio,19,Tacambaro ,11
11,2,Aguililla,21,Coalcoman de Vazquez Pallares,2
12,2,Aguililla,21,Coalcoman de Vazquez Pallares,2
13,2,Aguililla,21,Coalcoman de Vazquez Pallares,2
14,2,Aguililla,21,Coalcoman de Vazquez Pallares,2
15,2,Aguililla,21,Coalcoman de Vazquez Pallares,2
16,2,Aguililla,21,Coalcoman de Vazquez Pallares,2
17,2,Aguililla,21,Coalcoman de Vazquez Pallares,2
18,2,Aguililla,21,Coalcoman de Vazquez Pallares,2
19,2,Aguililla,21,Coalcoman de Vazquez Pallares,2
20,2,Aguililla,21,Coalcoman de Vazquez Pallares,2
22,2,Aguililla,21,Coalcoman de Vazquez Pallares,2
23,2,Aguililla,21,Coalcoman de Vazquez Pallares,2
25,2,Aguililla,21,Coalcoman de Vazquez Pallares,2
26,3,Alvaro Obregón,8,Tarimbaro,6
27,3,Alvaro Obregón,8,Tarimbaro,6
28,3,Alvaro Obregón,8,Tarimbaro,6
29,3,Alvaro Obregón,8,Tarimbaro,6
30,3,Alvaro Obregón,8,Tarimbaro,6
31,3,Alvaro Obregón,8,Tarimbaro,6
32,3,Alvaro Obregón,8,Tarimbaro,6
33,3,Alvaro Obregón,8,Tarimbaro,6
34,3,Alvaro Obregón,8,Tarimbaro,6
35,3,Alvaro Obregón,8,Tarimbaro,6
36,3,Alvaro Obregón,8,Tarimbaro,6
37,3,Alvaro Obregón,8,Tarimbaro,6
38,4,Angamacutiro,1,La Piedad,5
39,4,Angamacutiro,1,La Piedad,5
40,4,Angamacutiro,1,La Piedad,5
41,4,Angamacutiro,1,La Piedad,5
42,4,Angamacutiro,1,La Piedad,5
43,4,Angamacutiro,1,La Piedad,5
44,4,Angamacutiro,1,La Piedad,5
45,4,Angamacutiro,1,La Piedad,5
46,4,Angamacutiro,1,La Piedad,5
47,4,Angamacutiro,1,La Piedad,5
48,4,Angamacutiro,1,La Piedad,5
49,4,Angamacutiro,1,La Piedad,5
50,4,Angamacutiro,1,La Piedad,5
51,4,Angamacutiro,1,La Piedad,5
52,5,Angangueo,13, Zitacuaro,3
53,5,Angangueo,13, Zitacuaro,3
54,5,Angangueo,13, Zitacuaro,3
55,5,Angangueo,13, Zitacuaro,3
56,5,Angangueo,13, Zitacuaro,3
57,5,Angangueo,13, Zitacuaro,3
58,6,Apatzingan,23,Apatzingan ,2
59,6,Apatzingan,23,Apatzingan ,2
60,6,Apatzingan,23,Apatzingan ,2
61,6,Apatzingan,23,Apatzingan ,2
62,6,Apatzingan,23,Apatzingan ,2
63,6,Apatzingan,23,Apatzingan ,2
64,6,Apatzingan,23,Apatzingan ,2
65,6,Apatzingan,23,Apatzingan ,2
66,6,Apatzingan,23,Apatzingan ,2
67,6,Apatzingan,23,Apatzingan ,2
68,6,Apatzingan,23,Apatzingan ,2
69,6,Apatzingan,23,Apatzingan ,2
70,6,Apatzingan,23,Apatzingan ,2
71,6,Apatzingan,23,Apatzingan ,2
72,6,Apatzingan,23,Apatzingan ,2
73,6,Apatzingan,23,Apatzingan ,2
74,6,Apatzingan,23,Apatzingan ,2
75,6,Apatzingan,23,Apatzingan ,2
76,6,Apatzingan,23,Apatzingan ,2
77,6,Apatzingan,23,Apatzingan ,2
78,6,Apatzingan,23,Apatzingan ,2
79,6,Apatzingan,23,Apatzingan ,2
80,6,Apatzingan,23,Apatzingan ,2
81,6,Apatzingan,23,Apatzingan ,2
82,6,Apatzingan,23,Apatzingan ,2
83,6,Apatzingan,23,Apatzingan ,2
84,6,Apatzingan,23,Apatzingan ,2
85,6,Apatzingan,23,Apatzingan ,2
86,6,Apatzingan,23,Apatzingan ,2
87,6,Apatzingan,23,Apatzingan ,2
88,6,Apatzingan,23,Apatzingan ,2
89,6,Apatzingan,23,Apatzingan ,2
90,6,Apatzingan,23,Apatzingan ,2
91,6,Apatzingan,23,Apatzingan ,2
92,6,Apatzingan,23,Apatzingan ,2
93,6,Apatzingan,23,Apatzingan ,2
94,6,Apatzingan,23,Apatzingan ,2
95,6,Apatzingan,23,Apatzingan ,2
96,6,Apatzingan,23,Apatzingan ,2
97,6,Apatzingan,23,Apatzingan ,2
98,6,Apatzingan,23,Apatzingan ,2
99,6,Apatzingan,23,Apatzingan ,2
100,6,Apatzingan,23,Apatzingan ,2
101,6,Apatzingan,23,Apatzingan ,2
102,6,Apatzingan,23,Apatzingan ,2
103,6,Apatzingan,23,Apatzingan ,2
104,6,Apatzingan,23,Apatzingan ,2
105,6,Apatzingan,23,Apatzingan ,2
106,6,Apatzingan,23,Apatzingan ,2
107,6,Apatzingan,23,Apatzingan ,2
108,6,Apatzingan,23,Apatzingan ,2
109,6,Apatzingan,23,Apatzingan ,2
110,6,Apatzingan,23,Apatzingan ,2
111,6,Apatzingan,23,Apatzingan ,2
112,6,Apatzingan,23,Apatzingan ,2
113,6,Apatzingan,23,Apatzingan ,2
114,6,Apatzingan,23,Apatzingan ,2
115,6,Apatzingan,23,Apatzingan ,2
116,6,Apatzingan,23,Apatzingan ,2
117,6,Apatzingan,23,Apatzingan ,2
118,6,Apatzingan,23,Apatzingan ,2
119,6,Apatzingan,23,Apatzingan ,2
120,6,Apatzingan,23,Apatzingan ,2
121,6,Apatzingan,23,Apatzingan ,2
122,6,Apatzingan,23,Apatzingan ,2
123,6,Apatzingan,23,Apatzingan ,2
124,6,Apatzingan,23,Apatzingan ,2
125,6,Apatzingan,23,Apatzingan ,2
126,6,Apatzingan,23,Apatzingan ,2
127,6,Apatzingan,23,Apatzingan ,2
128,6,Apatzingan,23,Apatzingan ,2
129,6,Apatzingan,23,Apatzingan ,2
130,6,Apatzingan,23,Apatzingan ,2
131,6,Apatzingan,23,Apatzingan ,2
132,7,Aporo,3,Maravatio ,3
133,7,Aporo,3,Maravatio ,3
134,7,Aporo,3,Maravatio ,3
135,7,Aporo,3,Maravatio ,3
136,8,Aquila,21,Coalcoman de Vazquez Pallares,2
137,8,Aquila,21,Coalcoman de Vazquez Pallares,2
138,8,Aquila,21,Coalcoman de Vazquez Pallares,2
139,8,Aquila,21,Coalcoman de Vazquez Pallares,2
140,8,Aquila,21,Coalcoman de Vazquez Pallares,2
141,8,Aquila,21,Coalcoman de Vazquez Pallares,2
142,8,Aquila,21,Coalcoman de Vazquez Pallares,2
143,8,Aquila,21,Coalcoman de Vazquez Pallares,2
144,8,Aquila,21,Coalcoman de Vazquez Pallares,2
145,8,Aquila,21,Coalcoman de Vazquez Pallares,2
146,8,Aquila,21,Coalcoman de Vazquez Pallares,2
147,8,Aquila,21,Coalcoman de Vazquez Pallares,2
148,8,Aquila,21,Coalcoman de Vazquez Pallares,2
149,9,Ario,19,Tacambaro ,11
150,9,Ario,19,Tacambaro ,11
151,9,Ario,19,Tacambaro ,11
152,9,Ario,19,Tacambaro ,11
153,9,Ario,19,Tacambaro ,11
154,9,Ario,19,Tacambaro ,11
155,9,Ario,19,Tacambaro ,11
156,9,Ario,19,Tacambaro ,11
157,9,Ario,19,Tacambaro ,11
158,9,Ario,19,Tacambaro ,11
159,9,Ario,19,Tacambaro ,11
160,9,Ario,19,Tacambaro ,11
161,9,Ario,19,Tacambaro ,11
162,9,Ario,19,Tacambaro ,11
163,9,Ario,19,Tacambaro ,11
164,9,Ario,19,Tacambaro ,11
165,9,Ario,19,Tacambaro ,11
166,9,Ario,19,Tacambaro ,11
167,9,Ario,19,Tacambaro ,11
168,9,Ario,19,Tacambaro ,11
169,9,Ario,19,Tacambaro ,11
170,10,Arteaga,22,Mugica,1
171,10,Arteaga,22,Mugica,1
172,10,Arteaga,22,Mugica,1
173,10,Arteaga,22,Mugica,1
174,10,Arteaga,22,Mugica,1
175,10,Arteaga,22,Mugica,1
176,10,Arteaga,22,Mugica,1
177,10,Arteaga,22,Mugica,1
178,10,Arteaga,22,Mugica,1
179,10,Arteaga,22,Mugica,1
180,10,Arteaga,22,Mugica,1
181,10,Arteaga,22,Mugica,1
182,10,Arteaga,22,Mugica,1
183,10,Arteaga,22,Mugica,1
184,11,Briseñas,4,Jiquilpan ,4
185,11,Briseñas,4,Jiquilpan ,4
186,11,Briseñas,4,Jiquilpan ,4
187,11,Briseñas,4,Jiquilpan ,4
188,11,Briseñas,4,Jiquilpan ,4
189,11,Briseñas,4,Jiquilpan ,4
190,12,Buenavista,21,Coalcoman de Vazquez Pallares,2
191,12,Buenavista,21,Coalcoman de Vazquez Pallares,2
192,12,Buenavista,21,Coalcoman de Vazquez Pallares,2
193,12,Buenavista,21,Coalcoman de Vazquez Pallares,2
194,12,Buenavista,21,Coalcoman de Vazquez Pallares,2
195,12,Buenavista,21,Coalcoman de Vazquez Pallares,2
196,12,Buenavista,21,Coalcoman de Vazquez Pallares,2
197,12,Buenavista,21,Coalcoman de Vazquez Pallares,2
198,12,Buenavista,21,Coalcoman de Vazquez Pallares,2
199,12,Buenavista,21,Coalcoman de Vazquez Pallares,2
200,12,Buenavista,21,Coalcoman de Vazquez Pallares,2
201,12,Buenavista,21,Coalcoman de Vazquez Pallares,2
202,12,Buenavista,21,Coalcoman de Vazquez Pallares,2
203,12,Buenavista,21,Coalcoman de Vazquez Pallares,2
204,12,Buenavista,21,Coalcoman de Vazquez Pallares,2
205,12,Buenavista,21,Coalcoman de Vazquez Pallares,2
206,12,Buenavista,21,Coalcoman de Vazquez Pallares,2
207,12,Buenavista,21,Coalcoman de Vazquez Pallares,2
208,12,Buenavista,21,Coalcoman de Vazquez Pallares,2
209,12,Buenavista,21,Coalcoman de Vazquez Pallares,2
210,12,Buenavista,21,Coalcoman de Vazquez Pallares,2
211,12,Buenavista,21,Coalcoman de Vazquez Pallares,2
212,12,Buenavista,21,Coalcoman de Vazquez Pallares,2
213,13,Caracuaro,18,Huetamo ,11
214,13,Caracuaro,18,Huetamo ,11
215,13,Caracuaro,18,Huetamo ,11
216,13,Caracuaro,18,Huetamo ,11
217,13,Caracuaro,18,Huetamo ,11
218,13,Caracuaro,18,Huetamo ,11
219,13,Caracuaro,18,Huetamo ,11
220,13,Caracuaro,18,Huetamo ,11
221,13,Caracuaro,18,Huetamo ,11
222,13,Caracuaro,18,Huetamo ,11
223,13,Caracuaro,18,Huetamo ,11
224,13,Caracuaro,18,Huetamo ,11
225,14,Coahuayana,21,Coalcoman de Vazquez Pallares,2
226,14,Coahuayana,21,Coalcoman de Vazquez Pallares,2
227,14,Coahuayana,21,Coalcoman de Vazquez Pallares,2
228,14,Coahuayana,21,Coalcoman de Vazquez Pallares,2
229,14,Coahuayana,21,Coalcoman de Vazquez Pallares,2
230,14,Coahuayana,21,Coalcoman de Vazquez Pallares,2
231,14,Coahuayana,21,Coalcoman de Vazquez Pallares,2
232,14,Coahuayana,21,Coalcoman de Vazquez Pallares,2
233,14,Coahuayana,21,Coalcoman de Vazquez Pallares,2
234,14,Coahuayana,21,Coalcoman de Vazquez Pallares,2
235,14,Coahuayana,21,Coalcoman de Vazquez Pallares,2
236,14,Coahuayana,21,Coalcoman de Vazquez Pallares,2
237,15,Coalcoman de Vazquez Pallares,21,Coalcoman de Vazquez Pallares,2
238,15,Coalcoman de Vazquez Pallares,21,Coalcoman de Vazquez Pallares,2
239,15,Coalcoman de Vazquez Pallares,21,Coalcoman de Vazquez Pallares,2
240,15,Coalcoman de Vazquez Pallares,21,Coalcoman de Vazquez Pallares,2
241,15,Coalcoman de Vazquez Pallares,21,Coalcoman de Vazquez Pallares,2
242,15,Coalcoman de Vazquez Pallares,21,Coalcoman de Vazquez Pallares,2
244,15,Coalcoman de Vazquez Pallares,21,Coalcoman de Vazquez Pallares,2
245,15,Coalcoman de Vazquez Pallares,21,Coalcoman de Vazquez Pallares,2
246,15,Coalcoman de Vazquez Pallares,21,Coalcoman de Vazquez Pallares,2
247,15,Coalcoman de Vazquez Pallares,21,Coalcoman de Vazquez Pallares,2
248,15,Coalcoman de Vazquez Pallares,21,Coalcoman de Vazquez Pallares,2
249,15,Coalcoman de Vazquez Pallares,21,Coalcoman de Vazquez Pallares,2
250,15,Coalcoman de Vazquez Pallares,21,Coalcoman de Vazquez Pallares,2
251,15,Coalcoman de Vazquez Pallares,21,Coalcoman de Vazquez Pallares,2
252,15,Coalcoman de Vazquez Pallares,21,Coalcoman de Vazquez Pallares,2
254,15,Coalcoman de Vazquez Pallares,21,Coalcoman de Vazquez Pallares,2
255,15,Coalcoman de Vazquez Pallares,21,Coalcoman de Vazquez Pallares,2
256,15,Coalcoman de Vazquez Pallares,21,Coalcoman de Vazquez Pallares,2
257,16,Coeneo,5,Paracho ,7
258,16,Coeneo,5,Paracho ,7
259,16,Coeneo,5,Paracho ,7
260,16,Coeneo,5,Paracho ,7
261,16,Coeneo,5,Paracho ,7
262,16,Coeneo,5,Paracho ,7
263,16,Coeneo,5,Paracho ,7
264,16,Coeneo,5,Paracho ,7
265,16,Coeneo,5,Paracho ,7
266,16,Coeneo,5,Paracho ,7
267,16,Coeneo,5,Paracho ,7
268,16,Coeneo,5,Paracho ,7
269,16,Coeneo,5,Paracho ,7
270,16,Coeneo,5,Paracho ,7
271,16,Coeneo,5,Paracho ,7
272,16,Coeneo,5,Paracho ,7
273,16,Coeneo,5,Paracho ,7
274,16,Coeneo,5,Paracho ,7
275,16,Coeneo,5,Paracho ,7
276,16,Coeneo,5,Paracho ,7
277,16,Coeneo,5,Paracho ,7
278,16,Coeneo,5,Paracho ,7
279,16,Coeneo,5,Paracho ,7
280,16,Coeneo,5,Paracho ,7
281,16,Coeneo,5,Paracho ,7
282,16,Coeneo,5,Paracho ,7
283,16,Coeneo,5,Paracho ,7
284,16,Coeneo,5,Paracho ,7
285,16,Coeneo,5,Paracho ,7
286,17,Contepec,3,Maravatio ,3
287,17,Contepec,3,Maravatio ,3
288,17,Contepec,3,Maravatio ,3
289,17,Contepec,3,Maravatio ,3
290,17,Contepec,3,Maravatio ,3
291,17,Contepec,3,Maravatio ,3
292,17,Contepec,3,Maravatio ,3
293,17,Contepec,3,Maravatio ,3
294,17,Contepec,3,Maravatio ,3
295,17,Contepec,3,Maravatio ,3
296,17,Contepec,3,Maravatio ,3
297,17,Contepec,3,Maravatio ,3
298,17,Contepec,3,Maravatio ,3
299,18,Copandaro,8,Tarimbaro,6
300,18,Copandaro,8,Tarimbaro,6
301,18,Copandaro,8,Tarimbaro,6
302,18,Copandaro,8,Tarimbaro,6
303,18,Copandaro,8,Tarimbaro,6
304,18,Copandaro,8,Tarimbaro,6
305,19,Cotija,9,Los Reyes ,4
306,19,Cotija,9,Los Reyes ,4
307,19,Cotija,9,Los Reyes ,4
308,19,Cotija,9,Los Reyes ,4
309,19,Cotija,9,Los Reyes ,4
310,19,Cotija,9,Los Reyes ,4
311,19,Cotija,9,Los Reyes ,4
312,19,Cotija,9,Los Reyes ,4
313,19,Cotija,9,Los Reyes ,4
314,19,Cotija,9,Los Reyes ,4
315,19,Cotija,9,Los Reyes ,4
316,19,Cotija,9,Los Reyes ,4
317,19,Cotija,9,Los Reyes ,4
318,19,Cotija,9,Los Reyes ,4
319,19,Cotija,9,Los Reyes ,4
320,19,Cotija,9,Los Reyes ,4
321,19,Cotija,9,Los Reyes ,4
322,19,Cotija,9,Los Reyes ,4
323,19,Cotija,9,Los Reyes ,4
324,20,Cuitzeo,8,Tarimbaro,6
325,20,Cuitzeo,8,Tarimbaro,6
326,20,Cuitzeo,8,Tarimbaro,6
327,20,Cuitzeo,8,Tarimbaro,6
328,20,Cuitzeo,8,Tarimbaro,6
329,20,Cuitzeo,8,Tarimbaro,6
330,20,Cuitzeo,8,Tarimbaro,6
331,20,Cuitzeo,8,Tarimbaro,6
332,20,Cuitzeo,8,Tarimbaro,6
333,20,Cuitzeo,8,Tarimbaro,6
334,20,Cuitzeo,8,Tarimbaro,6
335,20,Cuitzeo,8,Tarimbaro,6
336,20,Cuitzeo,8,Tarimbaro,6
337,20,Cuitzeo,8,Tarimbaro,6
338,20,Cuitzeo,8,Tarimbaro,6
339,20,Cuitzeo,8,Tarimbaro,6
340,21,Charapan,5,Paracho ,7
341,21,Charapan,5,Paracho ,7
342,21,Charapan,5,Paracho ,7
343,21,Charapan,5,Paracho ,7
344,21,Charapan,5,Paracho ,7
345,21,Charapan,5,Paracho ,7
346,22,Charo,8,Tarimbaro,6
347,22,Charo,8,Tarimbaro,6
348,22,Charo,8,Tarimbaro,6
349,22,Charo,8,Tarimbaro,6
350,22,Charo,8,Tarimbaro,6
351,22,Charo,8,Tarimbaro,6
352,22,Charo,8,Tarimbaro,6
353,22,Charo,8,Tarimbaro,6
354,22,Charo,8,Tarimbaro,6
355,22,Charo,8,Tarimbaro,6
356,22,Charo,8,Tarimbaro,6
357,22,Charo,8,Tarimbaro,6
358,22,Charo,8,Tarimbaro,6
359,22,Charo,8,Tarimbaro,6
360,22,Charo,8,Tarimbaro,6
361,23,Chavinda,9,Los Reyes ,4
362,23,Chavinda,9,Los Reyes ,4
363,23,Chavinda,9,Los Reyes ,4
364,23,Chavinda,9,Los Reyes ,4
365,23,Chavinda,9,Los Reyes ,4
366,23,Chavinda,9,Los Reyes ,4
367,23,Chavinda,9,Los Reyes ,4
368,23,Chavinda,9,Los Reyes ,4
369,23,Chavinda,9,Los Reyes ,4
370,23,Chavinda,9,Los Reyes ,4
371,23,Chavinda,9,Los Reyes ,4
372,24,Cheran,5,Paracho ,7
373,24,Cheran,5,Paracho ,7
374,24,Cheran,5,Paracho ,7
375,24,Cheran,5,Paracho ,7
376,24,Cheran,5,Paracho ,7
377,24,Cheran,5,Paracho ,7
378,24,Cheran,5,Paracho ,7
379,24,Cheran,5,Paracho ,7
380,25,Chilchota,5,Paracho ,7
381,25,Chilchota,5,Paracho ,7
382,25,Chilchota,5,Paracho ,7
383,25,Chilchota,5,Paracho ,7
384,25,Chilchota,5,Paracho ,7
385,25,Chilchota,5,Paracho ,7
386,25,Chilchota,5,Paracho ,7
387,25,Chilchota,5,Paracho ,7
388,25,Chilchota,5,Paracho ,7
389,25,Chilchota,5,Paracho ,7
390,25,Chilchota,5,Paracho ,7
391,25,Chilchota,5,Paracho ,7
392,25,Chilchota,5,Paracho ,7
393,25,Chilchota,5,Paracho ,7
394,25,Chilchota,5,Paracho ,7
395,25,Chilchota,5,Paracho ,7
396,25,Chilchota,5,Paracho ,7
397,26,Chinicuila,21,Coalcoman de Vazquez Pallares,2
398,26,Chinicuila,21,Coalcoman de Vazquez Pallares,2
399,26,Chinicuila,21,Coalcoman de Vazquez Pallares,2
400,26,Chinicuila,21,Coalcoman de Vazquez Pallares,2
401,26,Chinicuila,21,Coalcoman de Vazquez Pallares,2
402,26,Chinicuila,21,Coalcoman de Vazquez Pallares,2
403,26,Chinicuila,21,Coalcoman de Vazquez Pallares,2
404,26,Chinicuila,21,Coalcoman de Vazquez Pallares,2
405,27,Chucandiro,2,Puruandiro,7
406,27,Chucandiro,2,Puruandiro,7
407,27,Chucandiro,2,Puruandiro,7
408,27,Chucandiro,2,Puruandiro,7
409,27,Chucandiro,2,Puruandiro,7
410,27,Chucandiro,2,Puruandiro,7
411,28,Churintzio,1,La Piedad,5
412,28,Churintzio,1,La Piedad,5
413,28,Churintzio,1,La Piedad,5
414,28,Churintzio,1,La Piedad,5
416,28,Churintzio,1,La Piedad,5
417,28,Churintzio,1,La Piedad,5
418,28,Churintzio,1,La Piedad,5
419,28,Churintzio,1,La Piedad,5
420,29,Churumuco,22,Mugica,1
421,29,Churumuco,22,Mugica,1
422,29,Churumuco,22,Mugica,1
423,29,Churumuco,22,Mugica,1
424,29,Churumuco,22,Mugica,1
425,29,Churumuco,22,Mugica,1
426,29,Churumuco,22,Mugica,1
427,29,Churumuco,22,Mugica,1
428,29,Churumuco,22,Mugica,1
429,29,Churumuco,22,Mugica,1
430,29,Churumuco,22,Mugica,1
431,29,Churumuco,22,Mugica,1
432,29,Churumuco,22,Mugica,1
433,30,Ecuandurero,1,La Piedad,5
434,30,Ecuandurero,1,La Piedad,5
435,30,Ecuandurero,1,La Piedad,5
436,30,Ecuandurero,1,La Piedad,5
437,30,Ecuandurero,1,La Piedad,5
438,30,Ecuandurero,1,La Piedad,5
439,30,Ecuandurero,1,La Piedad,5
440,30,Ecuandurero,1,La Piedad,5
441,30,Ecuandurero,1,La Piedad,5
442,30,Ecuandurero,1,La Piedad,5
443,30,Ecuandurero,1,La Piedad,5
444,30,Ecuandurero,1,La Piedad,5
445,30,Ecuandurero,1,La Piedad,5
446,31,Epitacio Huerta,3,Maravatio ,3
447,31,Epitacio Huerta,3,Maravatio ,3
448,31,Epitacio Huerta,3,Maravatio ,3
449,31,Epitacio Huerta,3,Maravatio ,3
450,31,Epitacio Huerta,3,Maravatio ,3
451,31,Epitacio Huerta,3,Maravatio ,3
452,31,Epitacio Huerta,3,Maravatio ,3
453,31,Epitacio Huerta,3,Maravatio ,3
454,31,Epitacio Huerta,3,Maravatio ,3
455,31,Epitacio Huerta,3,Maravatio ,3
456,31,Epitacio Huerta,3,Maravatio ,3
457,32,Erongaricuaro,5,Paracho ,7
458,32,Erongaricuaro,5,Paracho ,7
459,32,Erongaricuaro,5,Paracho ,7
460,32,Erongaricuaro,5,Paracho ,7
461,32,Erongaricuaro,5,Paracho ,7
462,32,Erongaricuaro,5,Paracho ,7
463,32,Erongaricuaro,5,Paracho ,7
464,32,Erongaricuaro,5,Paracho ,7
465,32,Erongaricuaro,5,Paracho ,7
466,32,Erongaricuaro,5,Paracho ,7
467,33,Gabriel Zamora,22,Mugica,1
468,33,Gabriel Zamora,22,Mugica,1
469,33,Gabriel Zamora,22,Mugica,1
470,33,Gabriel Zamora,22,Mugica,1
471,33,Gabriel Zamora,22,Mugica,1
472,33,Gabriel Zamora,22,Mugica,1
473,33,Gabriel Zamora,22,Mugica,1
474,33,Gabriel Zamora,22,Mugica,1
475,33,Gabriel Zamora,22,Mugica,1
476,33,Gabriel Zamora,22,Mugica,1
477,33,Gabriel Zamora,22,Mugica,1
478,33,Gabriel Zamora,22,Mugica,1
479,33,Gabriel Zamora,22,Mugica,1
480,34,Hidalgo,12, Hidalgo,6
481,34,Hidalgo,12, Hidalgo,6
482,34,Hidalgo,12, Hidalgo,6
483,34,Hidalgo,12, Hidalgo,6
484,34,Hidalgo,12, Hidalgo,6
485,34,Hidalgo,12, Hidalgo,6
486,34,Hidalgo,12, Hidalgo,6
487,34,Hidalgo,12, Hidalgo,6
488,34,Hidalgo,12, Hidalgo,6
489,34,Hidalgo,12, Hidalgo,6
490,34,Hidalgo,12, Hidalgo,6
491,34,Hidalgo,12, Hidalgo,6
492,34,Hidalgo,12, Hidalgo,6
493,34,Hidalgo,12, Hidalgo,6
494,34,Hidalgo,12, Hidalgo,6
495,34,Hidalgo,12, Hidalgo,6
496,34,Hidalgo,12, Hidalgo,6
497,34,Hidalgo,12, Hidalgo,6
498,34,Hidalgo,12, Hidalgo,6
499,34,Hidalgo,12, Hidalgo,6
500,34,Hidalgo,12, Hidalgo,6
501,34,Hidalgo,12, Hidalgo,6
502,34,Hidalgo,12, Hidalgo,6
503,34,Hidalgo,12, Hidalgo,6
504,34,Hidalgo,12, Hidalgo,6
505,34,Hidalgo,12, Hidalgo,6
506,34,Hidalgo,12, Hidalgo,6
508,34,Hidalgo,12, Hidalgo,6
509,34,Hidalgo,12, Hidalgo,6
510,34,Hidalgo,12, Hidalgo,6
511,34,Hidalgo,12, Hidalgo,6
512,34,Hidalgo,12, Hidalgo,6
513,34,Hidalgo,12, Hidalgo,6
514,34,Hidalgo,12, Hidalgo,6
515,34,Hidalgo,12, Hidalgo,6
516,34,Hidalgo,12, Hidalgo,6
517,34,Hidalgo,12, Hidalgo,6
518,34,Hidalgo,12, Hidalgo,6
519,34,Hidalgo,12, Hidalgo,6
520,34,Hidalgo,12, Hidalgo,6
521,34,Hidalgo,12, Hidalgo,6
522,34,Hidalgo,12, Hidalgo,6
523,34,Hidalgo,12, Hidalgo,6
524,34,Hidalgo,12, Hidalgo,6
525,34,Hidalgo,12, Hidalgo,6
526,34,Hidalgo,12, Hidalgo,6
527,34,Hidalgo,12, Hidalgo,6
528,34,Hidalgo,12, Hidalgo,6
529,34,Hidalgo,12, Hidalgo,6
530,34,Hidalgo,12, Hidalgo,6
531,34,Hidalgo,12, Hidalgo,6
532,34,Hidalgo,12, Hidalgo,6
533,34,Hidalgo,12, Hidalgo,6
534,34,Hidalgo,12, Hidalgo,6
535,34,Hidalgo,12, Hidalgo,6
536,34,Hidalgo,12, Hidalgo,6
537,34,Hidalgo,12, Hidalgo,6
538,34,Hidalgo,12, Hidalgo,6
539,34,Hidalgo,12, Hidalgo,6
540,34,Hidalgo,12, Hidalgo,6
541,34,Hidalgo,12, Hidalgo,6
542,34,Hidalgo,12, Hidalgo,6
543,34,Hidalgo,12, Hidalgo,6
544,34,Hidalgo,12, Hidalgo,6
545,34,Hidalgo,12, Hidalgo,6
546,34,Hidalgo,12, Hidalgo,6
547,34,Hidalgo,12, Hidalgo,6
548,34,Hidalgo,12, Hidalgo,6
549,34,Hidalgo,12, Hidalgo,6
550,34,Hidalgo,12, Hidalgo,6
551,34,Hidalgo,12, Hidalgo,6
552,34,Hidalgo,12, Hidalgo,6
557,35,La Huacana,22,Mugica,1
558,35,La Huacana,22,Mugica,1
559,35,La Huacana,22,Mugica,1
560,35,La Huacana,22,Mugica,1
561,35,La Huacana,22,Mugica,1
562,35,La Huacana,22,Mugica,1
563,35,La Huacana,22,Mugica,1
564,35,La Huacana,22,Mugica,1
565,35,La Huacana,22,Mugica,1
566,35,La Huacana,22,Mugica,1
567,35,La Huacana,22,Mugica,1
568,35,La Huacana,22,Mugica,1
569,35,La Huacana,22,Mugica,1
570,35,La Huacana,22,Mugica,1
571,35,La Huacana,22,Mugica,1
572,35,La Huacana,22,Mugica,1
573,35,La Huacana,22,Mugica,1
574,35,La Huacana,22,Mugica,1
575,35,La Huacana,22,Mugica,1
576,35,La Huacana,22,Mugica,1
577,35,La Huacana,22,Mugica,1
578,35,La Huacana,22,Mugica,1
579,35,La Huacana,22,Mugica,1
580,36,Huandacareo,2,Puruandiro,7
581,36,Huandacareo,2,Puruandiro,7
582,36,Huandacareo,2,Puruandiro,7
583,36,Huandacareo,2,Puruandiro,7
584,36,Huandacareo,2,Puruandiro,7
585,36,Huandacareo,2,Puruandiro,7
586,36,Huandacareo,2,Puruandiro,7
587,36,Huandacareo,2,Puruandiro,7
588,36,Huandacareo,2,Puruandiro,7
589,36,Huandacareo,2,Puruandiro,7
590,37,Huaniqueo,2,Puruandiro,7
591,37,Huaniqueo,2,Puruandiro,7
592,37,Huaniqueo,2,Puruandiro,7
593,37,Huaniqueo,2,Puruandiro,7
594,37,Huaniqueo,2,Puruandiro,7
595,37,Huaniqueo,2,Puruandiro,7
596,37,Huaniqueo,2,Puruandiro,7
597,37,Huaniqueo,2,Puruandiro,7
598,37,Huaniqueo,2,Puruandiro,7
599,37,Huaniqueo,2,Puruandiro,7
600,37,Huaniqueo,2,Puruandiro,7
601,38,Huetamo,18,Huetamo ,11
602,38,Huetamo,18,Huetamo ,11
603,38,Huetamo,18,Huetamo ,11
604,38,Huetamo,18,Huetamo ,11
605,38,Huetamo,18,Huetamo ,11
606,38,Huetamo,18,Huetamo ,11
607,38,Huetamo,18,Huetamo ,11
608,38,Huetamo,18,Huetamo ,11
609,38,Huetamo,18,Huetamo ,11
610,38,Huetamo,18,Huetamo ,11
611,38,Huetamo,18,Huetamo ,11
612,38,Huetamo,18,Huetamo ,11
613,38,Huetamo,18,Huetamo ,11
614,38,Huetamo,18,Huetamo ,11
615,38,Huetamo,18,Huetamo ,11
616,38,Huetamo,18,Huetamo ,11
617,38,Huetamo,18,Huetamo ,11
618,38,Huetamo,18,Huetamo ,11
619,38,Huetamo,18,Huetamo ,11
621,38,Huetamo,18,Huetamo ,11
622,38,Huetamo,18,Huetamo ,11
623,38,Huetamo,18,Huetamo ,11
624,38,Huetamo,18,Huetamo ,11
625,38,Huetamo,18,Huetamo ,11
626,38,Huetamo,18,Huetamo ,11
627,38,Huetamo,18,Huetamo ,11
628,38,Huetamo,18,Huetamo ,11
629,38,Huetamo,18,Huetamo ,11
630,38,Huetamo,18,Huetamo ,11
631,38,Huetamo,18,Huetamo ,11
632,38,Huetamo,18,Huetamo ,11
633,38,Huetamo,18,Huetamo ,11
634,38,Huetamo,18,Huetamo ,11
635,38,Huetamo,18,Huetamo ,11
636,38,Huetamo,18,Huetamo ,11
637,38,Huetamo,18,Huetamo ,11
638,38,Huetamo,18,Huetamo ,11
639,38,Huetamo,18,Huetamo ,11
640,38,Huetamo,18,Huetamo ,11
641,38,Huetamo,18,Huetamo ,11
642,38,Huetamo,18,Huetamo ,11
643,38,Huetamo,18,Huetamo ,11
644,38,Huetamo,18,Huetamo ,11
645,38,Huetamo,18,Huetamo ,11
646,38,Huetamo,18,Huetamo ,11
647,39,Huiramba,15,Patzcuaro,11
648,39,Huiramba,15,Patzcuaro,11
649,39,Huiramba,15,Patzcuaro,11
650,39,Huiramba,15,Patzcuaro,11
651,40,Indaparapero,8,Tarimbaro,6
652,40,Indaparapero,8,Tarimbaro,6
653,40,Indaparapero,8,Tarimbaro,6
654,40,Indaparapero,8,Tarimbaro,6
655,40,Indaparapero,8,Tarimbaro,6
656,40,Indaparapero,8,Tarimbaro,6
657,40,Indaparapero,8,Tarimbaro,6
658,40,Indaparapero,8,Tarimbaro,6
659,40,Indaparapero,8,Tarimbaro,6
660,40,Indaparapero,8,Tarimbaro,6
661,40,Indaparapero,8,Tarimbaro,6
662,40,Indaparapero,8,Tarimbaro,6
664,40,Indaparapero,8,Tarimbaro,6
665,41,Irimbo,12, Hidalgo,6
666,41,Irimbo,12, Hidalgo,6
667,41,Irimbo,12, Hidalgo,6
668,41,Irimbo,12, Hidalgo,6
669,41,Irimbo,12, Hidalgo,6
670,41,Irimbo,12, Hidalgo,6
671,41,Irimbo,12, Hidalgo,6
672,41,Irimbo,12, Hidalgo,6
673,42,Ixtlan,1,La Piedad,5
674,42,Ixtlan,1,La Piedad,5
675,42,Ixtlan,1,La Piedad,5
676,42,Ixtlan,1,La Piedad,5
677,42,Ixtlan,1,La Piedad,5
678,42,Ixtlan,1,La Piedad,5
679,42,Ixtlan,1,La Piedad,5
680,42,Ixtlan,1,La Piedad,5
681,42,Ixtlan,1,La Piedad,5
682,42,Ixtlan,1,La Piedad,5
683,42,Ixtlan,1,La Piedad,5
684,42,Ixtlan,1,La Piedad,5
685,43,Jacona,7,Zacapu,4
686,43,Jacona,7,Zacapu,4
687,43,Jacona,7,Zacapu,4
688,43,Jacona,7,Zacapu,4
689,43,Jacona,7,Zacapu,4
690,43,Jacona,7,Zacapu,4
691,43,Jacona,7,Zacapu,4
692,43,Jacona,7,Zacapu,4
693,43,Jacona,7,Zacapu,4
694,43,Jacona,7,Zacapu,4
695,43,Jacona,7,Zacapu,4
696,43,Jacona,7,Zacapu,4
697,43,Jacona,7,Zacapu,4
698,43,Jacona,7,Zacapu,4
699,43,Jacona,7,Zacapu,4
700,43,Jacona,7,Zacapu,4
701,43,Jacona,7,Zacapu,4
702,43,Jacona,7,Zacapu,4
703,43,Jacona,7,Zacapu,4
704,43,Jacona,7,Zacapu,4
705,43,Jacona,7,Zacapu,4
706,43,Jacona,7,Zacapu,4
707,43,Jacona,7,Zacapu,4
708,43,Jacona,7,Zacapu,4
709,43,Jacona,7,Zacapu,4
710,43,Jacona,7,Zacapu,4
711,43,Jacona,7,Zacapu,4
712,44,Jimenez,2,Puruandiro,7
713,44,Jimenez,2,Puruandiro,7
714,44,Jimenez,2,Puruandiro,7
715,44,Jimenez,2,Puruandiro,7
716,44,Jimenez,2,Puruandiro,7
717,44,Jimenez,2,Puruandiro,7
718,44,Jimenez,2,Puruandiro,7
719,44,Jimenez,2,Puruandiro,7
720,44,Jimenez,2,Puruandiro,7
721,44,Jimenez,2,Puruandiro,7
722,44,Jimenez,2,Puruandiro,7
723,44,Jimenez,2,Puruandiro,7
724,44,Jimenez,2,Puruandiro,7
725,44,Jimenez,2,Puruandiro,7
726,45,Jiquilpan,4,Jiquilpan ,4
727,45,Jiquilpan,4,Jiquilpan ,4
728,45,Jiquilpan,4,Jiquilpan ,4
729,45,Jiquilpan,4,Jiquilpan ,4
730,45,Jiquilpan,4,Jiquilpan ,4
731,45,Jiquilpan,4,Jiquilpan ,4
732,45,Jiquilpan,4,Jiquilpan ,4
733,45,Jiquilpan,4,Jiquilpan ,4
734,45,Jiquilpan,4,Jiquilpan ,4
735,45,Jiquilpan,4,Jiquilpan ,4
736,45,Jiquilpan,4,Jiquilpan ,4
737,45,Jiquilpan,4,Jiquilpan ,4
738,45,Jiquilpan,4,Jiquilpan ,4
739,45,Jiquilpan,4,Jiquilpan ,4
740,45,Jiquilpan,4,Jiquilpan ,4
741,45,Jiquilpan,4,Jiquilpan ,4
742,45,Jiquilpan,4,Jiquilpan ,4
743,45,Jiquilpan,4,Jiquilpan ,4
744,45,Jiquilpan,4,Jiquilpan ,4
745,45,Jiquilpan,4,Jiquilpan ,4
746,45,Jiquilpan,4,Jiquilpan ,4
747,45,Jiquilpan,4,Jiquilpan ,4
748,45,Jiquilpan,4,Jiquilpan ,4
749,45,Jiquilpan,4,Jiquilpan ,4
750,45,Jiquilpan,4,Jiquilpan ,4
751,45,Jiquilpan,4,Jiquilpan ,4
752,45,Jiquilpan,4,Jiquilpan ,4
753,45,Jiquilpan,4,Jiquilpan ,4
754,45,Jiquilpan,4,Jiquilpan ,4
755,45,Jiquilpan,4,Jiquilpan ,4
756,46,José Sixtos Verduzco,2,Puruandiro,7
757,46,José Sixtos Verduzco,2,Puruandiro,7
758,46,José Sixtos Verduzco,2,Puruandiro,7
759,46,José Sixtos Verduzco,2,Puruandiro,7
760,46,José Sixtos Verduzco,2,Puruandiro,7
761,46,José Sixtos Verduzco,2,Puruandiro,7
762,46,José Sixtos Verduzco,2,Puruandiro,7
763,46,José Sixtos Verduzco,2,Puruandiro,7
764,46,José Sixtos Verduzco,2,Puruandiro,7
765,46,José Sixtos Verduzco,2,Puruandiro,7
766,46,José Sixtos Verduzco,2,Puruandiro,7
767,46,José Sixtos Verduzco,2,Puruandiro,7
768,46,José Sixtos Verduzco,2,Puruandiro,7
769,46,José Sixtos Verduzco,2,Puruandiro,7
770,46,José Sixtos Verduzco,2,Puruandiro,7
771,46,José Sixtos Verduzco,2,Puruandiro,7
772,46,José Sixtos Verduzco,2,Puruandiro,7
773,46,José Sixtos Verduzco,2,Puruandiro,7
774,47,Juarez,18,Huetamo ,11
775,47,Juarez,18,Huetamo ,11
776,47,Juarez,18,Huetamo ,11
777,47,Juarez,18,Huetamo ,11
778,47,Juarez,18,Huetamo ,11
779,47,Juarez,18,Huetamo ,11
780,47,Juarez,18,Huetamo ,11
781,47,Juarez,18,Huetamo ,11
782,47,Juarez,18,Huetamo ,11
783,47,Juarez,18,Huetamo ,11
784,47,Juarez,18,Huetamo ,11
785,47,Juarez,18,Huetamo ,11
786,48,Jungapeo,18,Huetamo ,11
787,48,Jungapeo,18,Huetamo ,11
788,48,Jungapeo,18,Huetamo ,11
789,48,Jungapeo,18,Huetamo ,11
790,48,Jungapeo,18,Huetamo ,11
791,48,Jungapeo,18,Huetamo ,11
792,48,Jungapeo,18,Huetamo ,11
793,48,Jungapeo,18,Huetamo ,11
794,48,Jungapeo,18,Huetamo ,11
795,48,Jungapeo,18,Huetamo ,11
796,48,Jungapeo,18,Huetamo ,11
797,48,Jungapeo,18,Huetamo ,11
798,48,Jungapeo,18,Huetamo ,11
799,48,Jungapeo,18,Huetamo ,11
800,48,Jungapeo,18,Huetamo ,11
801,48,Jungapeo,18,Huetamo ,11
802,49,Lagunillas,15,Patzcuaro,11
803,49,Lagunillas,15,Patzcuaro,11
804,49,Lagunillas,15,Patzcuaro,11
805,49,Lagunillas,15,Patzcuaro,11
806,50,Lázaro Cárdenas,24,Lázaro Cárdenas,1
807,50,Lázaro Cárdenas,24,Lázaro Cárdenas,1
808,50,Lázaro Cárdenas,24,Lázaro Cárdenas,1
809,50,Lázaro Cárdenas,24,Lázaro Cárdenas,1
810,50,Lázaro Cárdenas,24,Lázaro Cárdenas,1
811,50,Lázaro Cárdenas,24,Lázaro Cárdenas,1
812,50,Lázaro Cárdenas,24,Lázaro Cárdenas,1
813,50,Lázaro Cárdenas,24,Lázaro Cárdenas,1
814,50,Lázaro Cárdenas,24,Lázaro Cárdenas,1
815,50,Lázaro Cárdenas,24,Lázaro Cárdenas,1
816,50,Lázaro Cárdenas,24,Lázaro Cárdenas,1
817,50,Lázaro Cárdenas,24,Lázaro Cárdenas,1
818,50,Lázaro Cárdenas,24,Lázaro Cárdenas,1
819,50,Lázaro Cárdenas,24,Lázaro Cárdenas,1
820,50,Lázaro Cárdenas,24,Lázaro Cárdenas,1
821,50,Lázaro Cárdenas,24,Lázaro Cárdenas,1
822,50,Lázaro Cárdenas,24,Lázaro Cárdenas,1
823,50,Lázaro Cárdenas,24,Lázaro Cárdenas,1
824,50,Lázaro Cárdenas,24,Lázaro Cárdenas,1
825,50,Lázaro Cárdenas,24,Lázaro Cárdenas,1
826,50,Lázaro Cárdenas,24,Lázaro Cárdenas,1
827,50,Lázaro Cárdenas,24,Lázaro Cárdenas,1
828,50,Lázaro Cárdenas,24,Lázaro Cárdenas,1
829,50,Lázaro Cárdenas,24,Lázaro Cárdenas,1
830,50,Lázaro Cárdenas,24,Lázaro Cárdenas,1
831,50,Lázaro Cárdenas,24,Lázaro Cárdenas,1
832,50,Lázaro Cárdenas,24,Lázaro Cárdenas,1
833,50,Lázaro Cárdenas,24,Lázaro Cárdenas,1
834,50,Lázaro Cárdenas,24,Lázaro Cárdenas,1
835,50,Lázaro Cárdenas,24,Lázaro Cárdenas,1
836,50,Lázaro Cárdenas,24,Lázaro Cárdenas,1
837,50,Lázaro Cárdenas,24,Lázaro Cárdenas,1
838,50,Lázaro Cárdenas,24,Lázaro Cárdenas,1
839,50,Lázaro Cárdenas,24,Lázaro Cárdenas,1
840,50,Lázaro Cárdenas,24,Lázaro Cárdenas,1
841,50,Lázaro Cárdenas,24,Lázaro Cárdenas,1
842,50,Lázaro Cárdenas,24,Lázaro Cárdenas,1
843,50,Lázaro Cárdenas,24,Lázaro Cárdenas,1
844,50,Lázaro Cárdenas,24,Lázaro Cárdenas,1
845,50,Lázaro Cárdenas,24,Lázaro Cárdenas,1
846,50,Lázaro Cárdenas,24,Lázaro Cárdenas,1
847,50,Lázaro Cárdenas,24,Lázaro Cárdenas,1
848,50,Lázaro Cárdenas,24,Lázaro Cárdenas,1
849,50,Lázaro Cárdenas,24,Lázaro Cárdenas,1
850,50,Lázaro Cárdenas,24,Lázaro Cárdenas,1
851,50,Lázaro Cárdenas,24,Lázaro Cárdenas,1
852,50,Lázaro Cárdenas,24,Lázaro Cárdenas,1
853,50,Lázaro Cárdenas,24,Lázaro Cárdenas,1
854,50,Lázaro Cárdenas,24,Lázaro Cárdenas,1
855,50,Lázaro Cárdenas,24,Lázaro Cárdenas,1
856,50,Lázaro Cárdenas,24,Lázaro Cárdenas,1
857,50,Lázaro Cárdenas,24,Lázaro Cárdenas,1
858,50,Lázaro Cárdenas,24,Lázaro Cárdenas,1
859,50,Lázaro Cárdenas,24,Lázaro Cárdenas,1
860,50,Lázaro Cárdenas,24,Lázaro Cárdenas,1
861,50,Lázaro Cárdenas,24,Lázaro Cárdenas,1
862,50,Lázaro Cárdenas,24,Lázaro Cárdenas,1
863,50,Lázaro Cárdenas,24,Lázaro Cárdenas,1
864,50,Lázaro Cárdenas,24,Lázaro Cárdenas,1
865,50,Lázaro Cárdenas,24,Lázaro Cárdenas,1
866,50,Lázaro Cárdenas,24,Lázaro Cárdenas,1
867,50,Lázaro Cárdenas,24,Lázaro Cárdenas,1
868,50,Lázaro Cárdenas,24,Lázaro Cárdenas,1
869,50,Lázaro Cárdenas,24,Lázaro Cárdenas,1
870,50,Lázaro Cárdenas,24,Lázaro Cárdenas,1
871,51,Madero,19,Tacambaro ,11
872,51,Madero,19,Tacambaro ,11
873,51,Madero,19,Tacambaro ,11
874,51,Madero,19,Tacambaro ,11
875,51,Madero,19,Tacambaro ,11
876,51,Madero,19,Tacambaro ,11
877,51,Madero,19,Tacambaro ,11
878,51,Madero,19,Tacambaro ,11
879,51,Madero,19,Tacambaro ,11
880,51,Madero,19,Tacambaro ,11
881,51,Madero,19,Tacambaro ,11
882,51,Madero,19,Tacambaro ,11
883,51,Madero,19,Tacambaro ,11
884,51,Madero,19,Tacambaro ,11
885,52,Maravatio,3,Maravatio ,3
886,52,Maravatio,3,Maravatio ,3
887,52,Maravatio,3,Maravatio ,3
888,52,Maravatio,3,Maravatio ,3
889,52,Maravatio,3,Maravatio ,3
890,52,Maravatio,3,Maravatio ,3
891,52,Maravatio,3,Maravatio ,3
892,52,Maravatio,3,Maravatio ,3
893,52,Maravatio,3,Maravatio ,3
894,52,Maravatio,3,Maravatio ,3
895,52,Maravatio,3,Maravatio ,3
896,52,Maravatio,3,Maravatio ,3
897,52,Maravatio,3,Maravatio ,3
898,52,Maravatio,3,Maravatio ,3
899,52,Maravatio,3,Maravatio ,3
900,52,Maravatio,3,Maravatio ,3
901,52,Maravatio,3,Maravatio ,3
902,52,Maravatio,3,Maravatio ,3
903,52,Maravatio,3,Maravatio ,3
904,52,Maravatio,3,Maravatio ,3
905,52,Maravatio,3,Maravatio ,3
906,52,Maravatio,3,Maravatio ,3
907,52,Maravatio,3,Maravatio ,3
908,52,Maravatio,3,Maravatio ,3
909,52,Maravatio,3,Maravatio ,3
910,52,Maravatio,3,Maravatio ,3
911,52,Maravatio,3,Maravatio ,3
912,52,Maravatio,3,Maravatio ,3
913,52,Maravatio,3,Maravatio ,3
914,52,Maravatio,3,Maravatio ,3
915,52,Maravatio,3,Maravatio ,3
916,52,Maravatio,3,Maravatio ,3
917,52,Maravatio,3,Maravatio ,3
918,52,Maravatio,3,Maravatio ,3
919,52,Maravatio,3,Maravatio ,3
920,52,Maravatio,3,Maravatio ,3
921,52,Maravatio,3,Maravatio ,3
922,52,Maravatio,3,Maravatio ,3
923,52,Maravatio,3,Maravatio ,3
924,52,Maravatio,3,Maravatio ,3
925,52,Maravatio,3,Maravatio ,3
926,52,Maravatio,3,Maravatio ,3
927,52,Maravatio,3,Maravatio ,3
928,52,Maravatio,3,Maravatio ,3
929,53,Marcos Castellanos,4,Jiquilpan ,4
930,53,Marcos Castellanos,4,Jiquilpan ,4
931,53,Marcos Castellanos,4,Jiquilpan ,4
932,53,Marcos Castellanos,4,Jiquilpan ,4
933,53,Marcos Castellanos,4,Jiquilpan ,4
934,53,Marcos Castellanos,4,Jiquilpan ,4
935,53,Marcos Castellanos,4,Jiquilpan ,4
936,53,Marcos Castellanos,4,Jiquilpan ,4
937,53,Marcos Castellanos,4,Jiquilpan ,4
938,53,Marcos Castellanos,4,Jiquilpan ,4
939,53,Marcos Castellanos,4,Jiquilpan ,4
940,53,Marcos Castellanos,4,Jiquilpan ,4
941,54,Morelia,10,Morelia Noroeste,8
942,54,Morelia,10,Morelia Noroeste,8
943,54,Morelia,10,Morelia Noroeste,8
944,54,Morelia,10,Morelia Noroeste,8
945,54,Morelia,10,Morelia Noroeste,8
946,54,Morelia,10,Morelia Noroeste,8
947,54,Morelia,10,Morelia Noroeste,8
948,54,Morelia,10,Morelia Noroeste,8
949,54,Morelia,16,Morelia Suroeste,8
950,54,Morelia,16,Morelia Suroeste,8
951,54,Morelia,10,Morelia Noroeste,8
952,54,Morelia,10,Morelia Noroeste,8
953,54,Morelia,10,Morelia Noroeste,8
954,54,Morelia,16,Morelia Suroeste,8
955,54,Morelia,16,Morelia Suroeste,8
956,54,Morelia,16,Morelia Suroeste,8
957,54,Morelia,16,Morelia Suroeste,8
958,54,Morelia,16,Morelia Suroeste,8
959,54,Morelia,16,Morelia Suroeste,8
960,54,Morelia,16,Morelia Suroeste,8
961,54,Morelia,16,Morelia Suroeste,8
962,54,Morelia,16,Morelia Suroeste,8
963,54,Morelia,16,Morelia Suroeste,8
964,54,Morelia,16,Morelia Suroeste,8
965,54,Morelia,16,Morelia Suroeste,8
966,54,Morelia,17,Morelia Sureste,10
967,54,Morelia,17,Morelia Sureste,10
968,54,Morelia,17,Morelia Sureste,10
969,54,Morelia,11,Morelia Noreste,10
970,54,Morelia,11,Morelia Noreste,10
971,54,Morelia,11,Morelia Noreste,10
972,54,Morelia,11,Morelia Noreste,10
973,54,Morelia,11,Morelia Noreste,10
974,54,Morelia,11,Morelia Noreste,10
975,54,Morelia,11,Morelia Noreste,10
976,54,Morelia,11,Morelia Noreste,10
977,54,Morelia,11,Morelia Noreste,10
978,54,Morelia,11,Morelia Noreste,10
979,54,Morelia,11,Morelia Noreste,10
980,54,Morelia,11,Morelia Noreste,10
981,54,Morelia,11,Morelia Noreste,10
982,54,Morelia,11,Morelia Noreste,10
983,54,Morelia,11,Morelia Noreste,10
984,54,Morelia,11,Morelia Noreste,10
985,54,Morelia,11,Morelia Noreste,10
986,54,Morelia,11,Morelia Noreste,10
987,54,Morelia,11,Morelia Noreste,10
988,54,Morelia,11,Morelia Noreste,10
989,54,Morelia,11,Morelia Noreste,10
990,54,Morelia,11,Morelia Noreste,10
991,54,Morelia,11,Morelia Noreste,10
992,54,Morelia,11,Morelia Noreste,10
993,54,Morelia,17,Morelia Sureste,10
994,54,Morelia,17,Morelia Sureste,10
995,54,Morelia,17,Morelia Sureste,10
996,54,Morelia,17,Morelia Sureste,10
997,54,Morelia,17,Morelia Sureste,10
998,54,Morelia,16,Morelia Suroeste,8
999,54,Morelia,16,Morelia Suroeste,8
1000,54,Morelia,16,Morelia Suroeste,8
1001,54,Morelia,16,Morelia Suroeste,8
1002,54,Morelia,16,Morelia Suroeste,8
1003,54,Morelia,16,Morelia Suroeste,8
1004,54,Morelia,16,Morelia Suroeste,8
1005,54,Morelia,16,Morelia Suroeste,8
1006,54,Morelia,16,Morelia Suroeste,8
1007,54,Morelia,16,Morelia Suroeste,8
1008,54,Morelia,16,Morelia Suroeste,8
1009,54,Morelia,16,Morelia Suroeste,8
1010,54,Morelia,16,Morelia Suroeste,8
1011,54,Morelia,16,Morelia Suroeste,8
1012,54,Morelia,16,Morelia Suroeste,8
1013,54,Morelia,16,Morelia Suroeste,8
1014,54,Morelia,16,Morelia Suroeste,8
1015,54,Morelia,16,Morelia Suroeste,8
1016,54,Morelia,16,Morelia Suroeste,8
1017,54,Morelia,16,Morelia Suroeste,8
1018,54,Morelia,16,Morelia Suroeste,8
1019,54,Morelia,16,Morelia Suroeste,8
1020,54,Morelia,16,Morelia Suroeste,8
1021,54,Morelia,16,Morelia Suroeste,8
1022,54,Morelia,17,Morelia Sureste,10
1023,54,Morelia,17,Morelia Sureste,10
1024,54,Morelia,17,Morelia Sureste,10
1025,54,Morelia,17,Morelia Sureste,10
1026,54,Morelia,17,Morelia Sureste,10
1027,54,Morelia,17,Morelia Sureste,10
1028,54,Morelia,17,Morelia Sureste,10
1029,54,Morelia,17,Morelia Sureste,10
1030,54,Morelia,17,Morelia Sureste,10
1031,54,Morelia,11,Morelia Noreste,10
1032,54,Morelia,11,Morelia Noreste,10
1033,54,Morelia,11,Morelia Noreste,10
1034,54,Morelia,11,Morelia Noreste,10
1035,54,Morelia,11,Morelia Noreste,10
1036,54,Morelia,11,Morelia Noreste,10
1037,54,Morelia,11,Morelia Noreste,10
1038,54,Morelia,11,Morelia Noreste,10
1039,54,Morelia,11,Morelia Noreste,10
1040,54,Morelia,11,Morelia Noreste,10
1041,54,Morelia,11,Morelia Noreste,10
1042,54,Morelia,17,Morelia Sureste,10
1043,54,Morelia,17,Morelia Sureste,10
1044,54,Morelia,17,Morelia Sureste,10
1045,54,Morelia,17,Morelia Sureste,10
1046,54,Morelia,17,Morelia Sureste,10
1047,54,Morelia,17,Morelia Sureste,10
1048,54,Morelia,17,Morelia Sureste,10
1049,54,Morelia,17,Morelia Sureste,10
1050,54,Morelia,17,Morelia Sureste,10
1051,54,Morelia,17,Morelia Sureste,10
1052,54,Morelia,16,Morelia Suroeste,8
1053,54,Morelia,16,Morelia Suroeste,8
1054,54,Morelia,16,Morelia Suroeste,8
1055,54,Morelia,16,Morelia Suroeste,8
1056,54,Morelia,16,Morelia Suroeste,8
1057,54,Morelia,16,Morelia Suroeste,8
1058,54,Morelia,16,Morelia Suroeste,8
1059,54,Morelia,16,Morelia Suroeste,8
1060,54,Morelia,16,Morelia Suroeste,8
1061,54,Morelia,16,Morelia Suroeste,8
1062,54,Morelia,17,Morelia Sureste,10
1063,54,Morelia,17,Morelia Sureste,10
1064,54,Morelia,17,Morelia Sureste,10
1065,54,Morelia,17,Morelia Sureste,10
1066,54,Morelia,17,Morelia Sureste,10
1067,54,Morelia,17,Morelia Sureste,10
1068,54,Morelia,17,Morelia Sureste,10
1069,54,Morelia,17,Morelia Sureste,10
1070,54,Morelia,17,Morelia Sureste,10
1071,54,Morelia,17,Morelia Sureste,10
1072,54,Morelia,17,Morelia Sureste,10
1073,54,Morelia,17,Morelia Sureste,10
1074,54,Morelia,17,Morelia Sureste,10
1075,54,Morelia,17,Morelia Sureste,10
1076,54,Morelia,11,Morelia Noreste,10
1077,54,Morelia,11,Morelia Noreste,10
1078,54,Morelia,11,Morelia Noreste,10
1079,54,Morelia,17,Morelia Sureste,10
1080,54,Morelia,11,Morelia Noreste,10
1081,54,Morelia,11,Morelia Noreste,10
1082,54,Morelia,11,Morelia Noreste,10
1083,54,Morelia,11,Morelia Noreste,10
1084,54,Morelia,11,Morelia Noreste,10
1085,54,Morelia,11,Morelia Noreste,10
1086,54,Morelia,11,Morelia Noreste,10
1087,54,Morelia,11,Morelia Noreste,10
1088,54,Morelia,11,Morelia Noreste,10
1089,54,Morelia,11,Morelia Noreste,10
1090,54,Morelia,11,Morelia Noreste,10
1091,54,Morelia,11,Morelia Noreste,10
1092,54,Morelia,11,Morelia Noreste,10
1093,54,Morelia,11,Morelia Noreste,10
1094,54,Morelia,11,Morelia Noreste,10
1095,54,Morelia,11,Morelia Noreste,10
1096,54,Morelia,11,Morelia Noreste,10
1097,54,Morelia,11,Morelia Noreste,10
1098,54,Morelia,11,Morelia Noreste,10
1099,54,Morelia,11,Morelia Noreste,10
1100,54,Morelia,11,Morelia Noreste,10
1101,54,Morelia,11,Morelia Noreste,10
1102,54,Morelia,11,Morelia Noreste,10
1103,54,Morelia,11,Morelia Noreste,10
1104,54,Morelia,11,Morelia Noreste,10
1105,54,Morelia,11,Morelia Noreste,10
1106,54,Morelia,11,Morelia Noreste,10
1107,54,Morelia,11,Morelia Noreste,10
1108,54,Morelia,11,Morelia Noreste,10
1109,54,Morelia,11,Morelia Noreste,10
1110,54,Morelia,11,Morelia Noreste,10
1111,54,Morelia,11,Morelia Noreste,10
1112,54,Morelia,11,Morelia Noreste,10
1113,54,Morelia,11,Morelia Noreste,10
1114,54,Morelia,11,Morelia Noreste,10
1115,54,Morelia,11,Morelia Noreste,10
1116,54,Morelia,11,Morelia Noreste,10
1117,54,Morelia,11,Morelia Noreste,10
1118,54,Morelia,17,Morelia Sureste,10
1119,54,Morelia,17,Morelia Sureste,10
1120,54,Morelia,17,Morelia Sureste,10
1121,54,Morelia,17,Morelia Sureste,10
1122,54,Morelia,17,Morelia Sureste,10
1123,54,Morelia,17,Morelia Sureste,10
1124,54,Morelia,17,Morelia Sureste,10
1125,54,Morelia,17,Morelia Sureste,10
1126,54,Morelia,17,Morelia Sureste,10
1127,54,Morelia,17,Morelia Sureste,10
1128,54,Morelia,17,Morelia Sureste,10
1129,54,Morelia,17,Morelia Sureste,10
1130,54,Morelia,17,Morelia Sureste,10
1131,54,Morelia,17,Morelia Sureste,10
1132,54,Morelia,17,Morelia Sureste,10
1133,54,Morelia,17,Morelia Sureste,10
1134,54,Morelia,17,Morelia Sureste,10
1135,54,Morelia,17,Morelia Sureste,10
1136,54,Morelia,17,Morelia Sureste,10
1137,54,Morelia,17,Morelia Sureste,10
1138,54,Morelia,17,Morelia Sureste,10
1139,54,Morelia,17,Morelia Sureste,10
1140,54,Morelia,17,Morelia Sureste,10
1141,54,Morelia,16,Morelia Suroeste,8
1142,54,Morelia,16,Morelia Suroeste,8
1143,54,Morelia,16,Morelia Suroeste,8
1144,54,Morelia,16,Morelia Suroeste,8
1145,54,Morelia,16,Morelia Suroeste,8
1146,54,Morelia,16,Morelia Suroeste,8
1147,54,Morelia,16,Morelia Suroeste,8
1148,54,Morelia,16,Morelia Suroeste,8
1149,54,Morelia,16,Morelia Suroeste,8
1150,54,Morelia,16,Morelia Suroeste,8
1151,54,Morelia,16,Morelia Suroeste,8
1152,54,Morelia,17,Morelia Sureste,10
1153,54,Morelia,17,Morelia Sureste,10
1154,54,Morelia,17,Morelia Sureste,10
1155,54,Morelia,17,Morelia Sureste,10
1156,54,Morelia,17,Morelia Sureste,10
1157,54,Morelia,17,Morelia Sureste,10
1158,54,Morelia,17,Morelia Sureste,10
1159,54,Morelia,17,Morelia Sureste,10
1160,54,Morelia,16,Morelia Suroeste,8
1161,54,Morelia,16,Morelia Suroeste,8
1162,54,Morelia,17,Morelia Sureste,10
1163,54,Morelia,17,Morelia Sureste,10
1164,54,Morelia,17,Morelia Sureste,10
1165,54,Morelia,17,Morelia Sureste,10
1166,54,Morelia,17,Morelia Sureste,10
1167,54,Morelia,17,Morelia Sureste,10
1168,54,Morelia,17,Morelia Sureste,10
1169,54,Morelia,17,Morelia Sureste,10
1170,54,Morelia,17,Morelia Sureste,10
1171,54,Morelia,17,Morelia Sureste,10
1172,54,Morelia,17,Morelia Sureste,10
1173,54,Morelia,17,Morelia Sureste,10
1174,54,Morelia,17,Morelia Sureste,10
1175,54,Morelia,17,Morelia Sureste,10
1176,54,Morelia,17,Morelia Sureste,10
1177,54,Morelia,17,Morelia Sureste,10
1178,54,Morelia,17,Morelia Sureste,10
1179,54,Morelia,17,Morelia Sureste,10
1180,54,Morelia,17,Morelia Sureste,10
1181,54,Morelia,17,Morelia Sureste,10
1182,54,Morelia,17,Morelia Sureste,10
1183,54,Morelia,17,Morelia Sureste,10
1184,54,Morelia,17,Morelia Sureste,10
1185,54,Morelia,17,Morelia Sureste,10
1186,54,Morelia,11,Morelia Noreste,10
1187,54,Morelia,11,Morelia Noreste,10
1188,54,Morelia,11,Morelia Noreste,10
1189,54,Morelia,11,Morelia Noreste,10
1190,54,Morelia,11,Morelia Noreste,10
1191,54,Morelia,10,Morelia Noroeste,8
1193,54,Morelia,10,Morelia Noroeste,8
1194,54,Morelia,11,Morelia Noreste,10
1195,54,Morelia,11,Morelia Noreste,10
1196,54,Morelia,11,Morelia Noreste,10
1197,54,Morelia,10,Morelia Noroeste,8
1198,54,Morelia,10,Morelia Noroeste,8
1199,54,Morelia,10,Morelia Noroeste,8
1200,54,Morelia,10,Morelia Noroeste,8
1201,54,Morelia,10,Morelia Noroeste,8
1202,54,Morelia,10,Morelia Noroeste,8
1203,54,Morelia,10,Morelia Noroeste,8
1204,54,Morelia,10,Morelia Noroeste,8
1205,54,Morelia,11,Morelia Noreste,10
1206,54,Morelia,11,Morelia Noreste,10
1207,54,Morelia,11,Morelia Noreste,10
1208,54,Morelia,10,Morelia Noroeste,8
1209,54,Morelia,10,Morelia Noroeste,8
1210,54,Morelia,10,Morelia Noroeste,8
1211,54,Morelia,10,Morelia Noroeste,8
1212,54,Morelia,10,Morelia Noroeste,8
1213,54,Morelia,10,Morelia Noroeste,8
1214,54,Morelia,10,Morelia Noroeste,8
1215,54,Morelia,16,Morelia Suroeste,8
1216,54,Morelia,10,Morelia Noroeste,8
1217,54,Morelia,10,Morelia Noroeste,8
1218,54,Morelia,10,Morelia Noroeste,8
1219,54,Morelia,10,Morelia Noroeste,8
1220,54,Morelia,10,Morelia Noroeste,8
1221,54,Morelia,16,Morelia Suroeste,8
1222,54,Morelia,16,Morelia Suroeste,8
1223,54,Morelia,17,Morelia Sureste,10
1224,54,Morelia,17,Morelia Sureste,10
1225,54,Morelia,17,Morelia Sureste,10
1226,54,Morelia,17,Morelia Sureste,10
1227,54,Morelia,17,Morelia Sureste,10
1228,54,Morelia,17,Morelia Sureste,10
1229,54,Morelia,17,Morelia Sureste,10
1230,54,Morelia,17,Morelia Sureste,10
1231,54,Morelia,17,Morelia Sureste,10
1232,54,Morelia,17,Morelia Sureste,10
1233,54,Morelia,17,Morelia Sureste,10
1234,54,Morelia,17,Morelia Sureste,10
1235,54,Morelia,17,Morelia Sureste,10
1236,54,Morelia,17,Morelia Sureste,10
1237,54,Morelia,11,Morelia Noreste,10
1238,54,Morelia,11,Morelia Noreste,10
1239,54,Morelia,16,Morelia Suroeste,8
1240,54,Morelia,16,Morelia Suroeste,8
1241,54,Morelia,17,Morelia Sureste,10
1242,54,Morelia,17,Morelia Sureste,10
1243,54,Morelia,17,Morelia Sureste,10
1244,54,Morelia,17,Morelia Sureste,10
1245,54,Morelia,17,Morelia Sureste,10
1246,54,Morelia,17,Morelia Sureste,10
1247,54,Morelia,16,Morelia Suroeste,8
1248,54,Morelia,16,Morelia Suroeste,8
1249,54,Morelia,16,Morelia Suroeste,8
1250,54,Morelia,16,Morelia Suroeste,8
1251,54,Morelia,16,Morelia Suroeste,8
1252,54,Morelia,10,Morelia Noroeste,8
1253,54,Morelia,10,Morelia Noroeste,8
1254,54,Morelia,10,Morelia Noroeste,8
1255,54,Morelia,10,Morelia Noroeste,8
1256,54,Morelia,10,Morelia Noroeste,8
1257,54,Morelia,10,Morelia Noroeste,8
1258,54,Morelia,10,Morelia Noroeste,8
1259,54,Morelia,10,Morelia Noroeste,8
1260,54,Morelia,10,Morelia Noroeste,8
1261,54,Morelia,10,Morelia Noroeste,8
1262,54,Morelia,11,Morelia Noreste,10
1263,54,Morelia,10,Morelia Noroeste,8
1264,54,Morelia,10,Morelia Noroeste,8
1265,54,Morelia,10,Morelia Noroeste,8
1266,54,Morelia,16,Morelia Suroeste,8
1268,54,Morelia,17,Morelia Sureste,10
1269,54,Morelia,17,Morelia Sureste,10
1270,54,Morelia,17,Morelia Sureste,10
1271,54,Morelia,16,Morelia Suroeste,8
1272,54,Morelia,16,Morelia Suroeste,8
1273,54,Morelia,17,Morelia Sureste,10
1274,54,Morelia,17,Morelia Sureste,10
1275,54,Morelia,17,Morelia Sureste,10
1276,54,Morelia,17,Morelia Sureste,10
1277,54,Morelia,16,Morelia Suroeste,8
1278,54,Morelia,17,Morelia Sureste,10
1279,54,Morelia,17,Morelia Sureste,10
1280,54,Morelia,17,Morelia Sureste,10
1281,54,Morelia,16,Morelia Suroeste,8
1282,54,Morelia,16,Morelia Suroeste,8
1283,54,Morelia,10,Morelia Noroeste,8
1284,54,Morelia,11,Morelia Noreste,10
1285,54,Morelia,11,Morelia Noreste,10
1286,54,Morelia,16,Morelia Suroeste,8
1287,54,Morelia,16,Morelia Suroeste,8
1288,55,Morelos,2,Puruandiro,7
1289,55,Morelos,2,Puruandiro,7
1290,55,Morelos,2,Puruandiro,7
1291,55,Morelos,2,Puruandiro,7
1292,55,Morelos,2,Puruandiro,7
1293,55,Morelos,2,Puruandiro,7
1294,55,Morelos,2,Puruandiro,7
1295,55,Morelos,2,Puruandiro,7
1296,55,Morelos,2,Puruandiro,7
1297,56,Mugica,22,Mugica,1
1298,56,Mugica,22,Mugica,1
1299,56,Mugica,22,Mugica,1
1300,56,Mugica,22,Mugica,1
1301,56,Mugica,22,Mugica,1
1302,56,Mugica,22,Mugica,1
1303,56,Mugica,22,Mugica,1
1304,56,Mugica,22,Mugica,1
1305,56,Mugica,22,Mugica,1
1306,56,Mugica,22,Mugica,1
1307,56,Mugica,22,Mugica,1
1308,56,Mugica,22,Mugica,1
1309,56,Mugica,22,Mugica,1
1310,56,Mugica,22,Mugica,1
1311,56,Mugica,22,Mugica,1
1312,56,Mugica,22,Mugica,1
1313,56,Mugica,22,Mugica,1
1314,56,Mugica,22,Mugica,1
1315,56,Mugica,22,Mugica,1
1316,56,Mugica,22,Mugica,1
1317,56,Mugica,22,Mugica,1
1318,56,Mugica,22,Mugica,1
1319,56,Mugica,22,Mugica,1
1320,56,Mugica,22,Mugica,1
1321,57,Nahuatzen,5,Paracho ,7
1322,57,Nahuatzen,5,Paracho ,7
1323,57,Nahuatzen,5,Paracho ,7
1324,57,Nahuatzen,5,Paracho ,7
1325,57,Nahuatzen,5,Paracho ,7
1326,57,Nahuatzen,5,Paracho ,7
1327,57,Nahuatzen,5,Paracho ,7
1328,57,Nahuatzen,5,Paracho ,7
1329,57,Nahuatzen,5,Paracho ,7
1330,57,Nahuatzen,5,Paracho ,7
1331,57,Nahuatzen,5,Paracho ,7
1332,57,Nahuatzen,5,Paracho ,7
1333,57,Nahuatzen,5,Paracho ,7
1334,57,Nahuatzen,5,Paracho ,7
1335,57,Nahuatzen,5,Paracho ,7
1336,58,Nocupetaro,19,Tacambaro ,11
1337,58,Nocupetaro,19,Tacambaro ,11
1338,58,Nocupetaro,19,Tacambaro ,11
1339,58,Nocupetaro,19,Tacambaro ,11
1340,58,Nocupetaro,19,Tacambaro ,11
1341,58,Nocupetaro,19,Tacambaro ,11
1342,58,Nocupetaro,19,Tacambaro ,11
1343,58,Nocupetaro,19,Tacambaro ,11
1344,58,Nocupetaro,19,Tacambaro ,11
1345,58,Nocupetaro,19,Tacambaro ,11
1346,58,Nocupetaro,19,Tacambaro ,11
1347,58,Nocupetaro,19,Tacambaro ,11
1348,58,Nocupetaro,19,Tacambaro ,11
1349,59,Nuevo Parangaricutiro,23,Apatzingan ,2
1350,59,Nuevo Parangaricutiro,23,Apatzingan ,2
1351,59,Nuevo Parangaricutiro,23,Apatzingan ,2
1352,59,Nuevo Parangaricutiro,23,Apatzingan ,2
1353,59,Nuevo Parangaricutiro,23,Apatzingan ,2
1354,59,Nuevo Parangaricutiro,23,Apatzingan ,2
1355,59,Nuevo Parangaricutiro,23,Apatzingan ,2
1356,59,Nuevo Parangaricutiro,23,Apatzingan ,2
1357,59,Nuevo Parangaricutiro,23,Apatzingan ,2
1358,59,Nuevo Parangaricutiro,23,Apatzingan ,2
1359,59,Nuevo Parangaricutiro,23,Apatzingan ,2
1360,60,Nuevo Urecho,22,Mugica,1
1361,60,Nuevo Urecho,22,Mugica,1
1362,60,Nuevo Urecho,22,Mugica,1
1363,60,Nuevo Urecho,22,Mugica,1
1364,60,Nuevo Urecho,22,Mugica,1
1365,60,Nuevo Urecho,22,Mugica,1
1366,60,Nuevo Urecho,22,Mugica,1
1367,60,Nuevo Urecho,22,Mugica,1
1368,60,Nuevo Urecho,22,Mugica,1
1369,61,Numaran,1,La Piedad,5
1370,61,Numaran,1,La Piedad,5
1371,61,Numaran,1,La Piedad,5
1372,61,Numaran,1,La Piedad,5
1373,61,Numaran,1,La Piedad,5
1374,61,Numaran,1,La Piedad,5
1375,61,Numaran,1,La Piedad,5
1376,61,Numaran,1,La Piedad,5
1377,61,Numaran,1,La Piedad,5
1378,62,Ocampo,13, Zitacuaro,3
1379,62,Ocampo,13, Zitacuaro,3
1380,62,Ocampo,13, Zitacuaro,3
1381,62,Ocampo,13, Zitacuaro,3
1382,62,Ocampo,13, Zitacuaro,3
1383,62,Ocampo,13, Zitacuaro,3
1384,62,Ocampo,13, Zitacuaro,3
1385,62,Ocampo,13, Zitacuaro,3
1386,62,Ocampo,13, Zitacuaro,3
1387,62,Ocampo,13, Zitacuaro,3
1388,62,Ocampo,13, Zitacuaro,3
1389,63,Pajacuaran,9,Los Reyes ,4
1390,63,Pajacuaran,9,Los Reyes ,4
1391,63,Pajacuaran,9,Los Reyes ,4
1392,63,Pajacuaran,9,Los Reyes ,4
1393,63,Pajacuaran,9,Los Reyes ,4
1394,63,Pajacuaran,9,Los Reyes ,4
1395,63,Pajacuaran,9,Los Reyes ,4
1396,63,Pajacuaran,9,Los Reyes ,4
1397,63,Pajacuaran,9,Los Reyes ,4
1398,63,Pajacuaran,9,Los Reyes ,4
1399,63,Pajacuaran,9,Los Reyes ,4
1400,63,Pajacuaran,9,Los Reyes ,4
1401,63,Pajacuaran,9,Los Reyes ,4
1402,63,Pajacuaran,9,Los Reyes ,4
1403,63,Pajacuaran,9,Los Reyes ,4
1404,63,Pajacuaran,9,Los Reyes ,4
1405,63,Pajacuaran,9,Los Reyes ,4
1406,63,Pajacuaran,9,Los Reyes ,4
1407,64,Panindicuaro,2,Puruandiro,7
1408,64,Panindicuaro,2,Puruandiro,7
1409,64,Panindicuaro,2,Puruandiro,7
1410,64,Panindicuaro,2,Puruandiro,7
1411,64,Panindicuaro,2,Puruandiro,7
1412,64,Panindicuaro,2,Puruandiro,7
1413,64,Panindicuaro,2,Puruandiro,7
1414,64,Panindicuaro,2,Puruandiro,7
1415,64,Panindicuaro,2,Puruandiro,7
1416,64,Panindicuaro,2,Puruandiro,7
1417,64,Panindicuaro,2,Puruandiro,7
1418,64,Panindicuaro,2,Puruandiro,7
1419,64,Panindicuaro,2,Puruandiro,7
1420,64,Panindicuaro,2,Puruandiro,7
1421,64,Panindicuaro,2,Puruandiro,7
1422,64,Panindicuaro,2,Puruandiro,7
1423,64,Panindicuaro,2,Puruandiro,7
1424,64,Panindicuaro,2,Puruandiro,7
1425,64,Panindicuaro,2,Puruandiro,7
1426,65,Paracuaro,22,Mugica,1
1427,65,Paracuaro,22,Mugica,1
1428,65,Paracuaro,22,Mugica,1
1429,65,Paracuaro,22,Mugica,1
1430,65,Paracuaro,22,Mugica,1
1431,65,Paracuaro,22,Mugica,1
1432,65,Paracuaro,22,Mugica,1
1433,65,Paracuaro,22,Mugica,1
1434,65,Paracuaro,22,Mugica,1
1435,65,Paracuaro,22,Mugica,1
1436,65,Paracuaro,22,Mugica,1
1437,65,Paracuaro,22,Mugica,1
1438,65,Paracuaro,22,Mugica,1
1439,65,Paracuaro,22,Mugica,1
1440,66,Paracho,5,Paracho ,7
1441,66,Paracho,5,Paracho ,7
1442,66,Paracho,5,Paracho ,7
1443,66,Paracho,5,Paracho ,7
1444,66,Paracho,5,Paracho ,7
1445,66,Paracho,5,Paracho ,7
1446,66,Paracho,5,Paracho ,7
1447,66,Paracho,5,Paracho ,7
1448,66,Paracho,5,Paracho ,7
1449,66,Paracho,5,Paracho ,7
1450,66,Paracho,5,Paracho ,7
1451,66,Paracho,5,Paracho ,7
1452,66,Paracho,5,Paracho ,7
1453,66,Paracho,5,Paracho ,7
1454,66,Paracho,5,Paracho ,7
1455,66,Paracho,5,Paracho ,7
1456,67,Patzcuaro,15,Patzcuaro,11
1457,67,Patzcuaro,15,Patzcuaro,11
1458,67,Patzcuaro,15,Patzcuaro,11
1459,67,Patzcuaro,15,Patzcuaro,11
1460,67,Patzcuaro,15,Patzcuaro,11
1461,67,Patzcuaro,15,Patzcuaro,11
1462,67,Patzcuaro,15,Patzcuaro,11
1463,67,Patzcuaro,15,Patzcuaro,11
1464,67,Patzcuaro,15,Patzcuaro,11
1465,67,Patzcuaro,15,Patzcuaro,11
1466,67,Patzcuaro,15,Patzcuaro,11
1467,67,Patzcuaro,15,Patzcuaro,11
1468,67,Patzcuaro,15,Patzcuaro,11
1469,67,Patzcuaro,15,Patzcuaro,11
1470,67,Patzcuaro,15,Patzcuaro,11
1471,67,Patzcuaro,15,Patzcuaro,11
1472,67,Patzcuaro,15,Patzcuaro,11
1473,67,Patzcuaro,15,Patzcuaro,11
1474,67,Patzcuaro,15,Patzcuaro,11
1475,67,Patzcuaro,15,Patzcuaro,11
1477,67,Patzcuaro,15,Patzcuaro,11
1478,67,Patzcuaro,15,Patzcuaro,11
1479,67,Patzcuaro,15,Patzcuaro,11
1480,67,Patzcuaro,15,Patzcuaro,11
1481,67,Patzcuaro,15,Patzcuaro,11
1482,67,Patzcuaro,15,Patzcuaro,11
1483,67,Patzcuaro,15,Patzcuaro,11
1484,67,Patzcuaro,15,Patzcuaro,11
1485,67,Patzcuaro,15,Patzcuaro,11
1486,67,Patzcuaro,15,Patzcuaro,11
1487,67,Patzcuaro,15,Patzcuaro,11
1488,67,Patzcuaro,15,Patzcuaro,11
1489,67,Patzcuaro,15,Patzcuaro,11
1490,67,Patzcuaro,15,Patzcuaro,11
1491,67,Patzcuaro,15,Patzcuaro,11
1492,67,Patzcuaro,15,Patzcuaro,11
1493,67,Patzcuaro,15,Patzcuaro,11
1494,67,Patzcuaro,15,Patzcuaro,11
1495,67,Patzcuaro,15,Patzcuaro,11
1496,67,Patzcuaro,15,Patzcuaro,11
1497,67,Patzcuaro,15,Patzcuaro,11
1498,68,Penjamillo,2,Puruandiro,7
1499,68,Penjamillo,2,Puruandiro,7
1500,68,Penjamillo,2,Puruandiro,7
1501,68,Penjamillo,2,Puruandiro,7
1502,68,Penjamillo,2,Puruandiro,7
1503,68,Penjamillo,2,Puruandiro,7
1504,68,Penjamillo,2,Puruandiro,7
1505,68,Penjamillo,2,Puruandiro,7
1506,68,Penjamillo,2,Puruandiro,7
1507,68,Penjamillo,2,Puruandiro,7
1508,68,Penjamillo,2,Puruandiro,7
1509,68,Penjamillo,2,Puruandiro,7
1510,68,Penjamillo,2,Puruandiro,7
1511,68,Penjamillo,2,Puruandiro,7
1512,68,Penjamillo,2,Puruandiro,7
1513,68,Penjamillo,2,Puruandiro,7
1514,68,Penjamillo,2,Puruandiro,7
1515,68,Penjamillo,2,Puruandiro,7
1516,68,Penjamillo,2,Puruandiro,7
1517,69,Periban,21,Coalcoman de Vazquez Pallares,2
1518,69,Periban,21,Coalcoman de Vazquez Pallares,2
1519,69,Periban,21,Coalcoman de Vazquez Pallares,2
1520,69,Periban,21,Coalcoman de Vazquez Pallares,2
1521,69,Periban,21,Coalcoman de Vazquez Pallares,2
1522,69,Periban,21,Coalcoman de Vazquez Pallares,2
1523,69,Periban,21,Coalcoman de Vazquez Pallares,2
1524,69,Periban,21,Coalcoman de Vazquez Pallares,2
1525,69,Periban,21,Coalcoman de Vazquez Pallares,2
1526,69,Periban,21,Coalcoman de Vazquez Pallares,2
1527,69,Periban,21,Coalcoman de Vazquez Pallares,2
1528,69,Periban,21,Coalcoman de Vazquez Pallares,2
1529,70,La Piedad,1,La Piedad,5
1530,70,La Piedad,1,La Piedad,5
1531,70,La Piedad,1,La Piedad,5
1532,70,La Piedad,1,La Piedad,5
1533,70,La Piedad,1,La Piedad,5
1534,70,La Piedad,1,La Piedad,5
1535,70,La Piedad,1,La Piedad,5
1536,70,La Piedad,1,La Piedad,5
1537,70,La Piedad,1,La Piedad,5
1538,70,La Piedad,1,La Piedad,5
1539,70,La Piedad,1,La Piedad,5
1540,70,La Piedad,1,La Piedad,5
1541,70,La Piedad,1,La Piedad,5
1542,70,La Piedad,1,La Piedad,5
1543,70,La Piedad,1,La Piedad,5
1544,70,La Piedad,1,La Piedad,5
1545,70,La Piedad,1,La Piedad,5
1546,70,La Piedad,1,La Piedad,5
1547,70,La Piedad,1,La Piedad,5
1548,70,La Piedad,1,La Piedad,5
1549,70,La Piedad,1,La Piedad,5
1550,70,La Piedad,1,La Piedad,5
1551,70,La Piedad,1,La Piedad,5
1552,70,La Piedad,1,La Piedad,5
1553,70,La Piedad,1,La Piedad,5
1554,70,La Piedad,1,La Piedad,5
1555,70,La Piedad,1,La Piedad,5
1556,70,La Piedad,1,La Piedad,5
1557,70,La Piedad,1,La Piedad,5
1558,70,La Piedad,1,La Piedad,5
1559,70,La Piedad,1,La Piedad,5
1560,70,La Piedad,1,La Piedad,5
1561,70,La Piedad,1,La Piedad,5
1562,70,La Piedad,1,La Piedad,5
1563,70,La Piedad,1,La Piedad,5
1564,70,La Piedad,1,La Piedad,5
1565,70,La Piedad,1,La Piedad,5
1566,70,La Piedad,1,La Piedad,5
1567,70,La Piedad,1,La Piedad,5
1568,70,La Piedad,1,La Piedad,5
1569,70,La Piedad,1,La Piedad,5
1570,70,La Piedad,1,La Piedad,5
1571,70,La Piedad,1,La Piedad,5
1572,70,La Piedad,1,La Piedad,5
1573,70,La Piedad,1,La Piedad,5
1574,70,La Piedad,1,La Piedad,5
1575,70,La Piedad,1,La Piedad,5
1576,70,La Piedad,1,La Piedad,5
1577,70,La Piedad,1,La Piedad,5
1578,70,La Piedad,1,La Piedad,5
1579,70,La Piedad,1,La Piedad,5
1580,70,La Piedad,1,La Piedad,5
1581,70,La Piedad,1,La Piedad,5
1582,70,La Piedad,1,La Piedad,5
1583,70,La Piedad,1,La Piedad,5
1584,70,La Piedad,1,La Piedad,5
1585,70,La Piedad,1,La Piedad,5
1586,70,La Piedad,1,La Piedad,5
1587,70,La Piedad,1,La Piedad,5
1588,70,La Piedad,1,La Piedad,5
1589,70,La Piedad,1,La Piedad,5
1590,71,Purepero,7,Zacapu,4
1591,71,Purepero,7,Zacapu,4
1592,71,Purepero,7,Zacapu,4
1593,71,Purepero,7,Zacapu,4
1594,71,Purepero,7,Zacapu,4
1595,71,Purepero,7,Zacapu,4
1596,71,Purepero,7,Zacapu,4
1597,71,Purepero,7,Zacapu,4
1598,71,Purepero,7,Zacapu,4
1599,71,Purepero,7,Zacapu,4
1600,71,Purepero,7,Zacapu,4
1601,72,Puruandiro ,2,Puruandiro,7
1602,72,Puruandiro ,2,Puruandiro,7
1603,72,Puruandiro ,2,Puruandiro,7
1604,72,Puruandiro ,2,Puruandiro,7
1605,72,Puruandiro ,2,Puruandiro,7
1606,72,Puruandiro ,2,Puruandiro,7
1607,72,Puruandiro ,2,Puruandiro,7
1608,72,Puruandiro ,2,Puruandiro,7
1609,72,Puruandiro ,2,Puruandiro,7
1610,72,Puruandiro ,2,Puruandiro,7
1611,72,Puruandiro ,2,Puruandiro,7
1612,72,Puruandiro ,2,Puruandiro,7
1613,72,Puruandiro ,2,Puruandiro,7
1614,72,Puruandiro ,2,Puruandiro,7
1615,72,Puruandiro ,2,Puruandiro,7
1616,72,Puruandiro ,2,Puruandiro,7
1617,72,Puruandiro ,2,Puruandiro,7
1618,72,Puruandiro ,2,Puruandiro,7
1619,72,Puruandiro ,2,Puruandiro,7
1620,72,Puruandiro ,2,Puruandiro,7
1621,72,Puruandiro ,2,Puruandiro,7
1622,72,Puruandiro ,2,Puruandiro,7
1623,72,Puruandiro ,2,Puruandiro,7
1624,72,Puruandiro ,2,Puruandiro,7
1625,72,Puruandiro ,2,Puruandiro,7
1626,72,Puruandiro ,2,Puruandiro,7
1627,72,Puruandiro ,2,Puruandiro,7
1628,72,Puruandiro ,2,Puruandiro,7
1629,72,Puruandiro ,2,Puruandiro,7
1630,72,Puruandiro ,2,Puruandiro,7
1631,72,Puruandiro ,2,Puruandiro,7
1632,72,Puruandiro ,2,Puruandiro,7
1633,72,Puruandiro ,2,Puruandiro,7
1634,72,Puruandiro ,2,Puruandiro,7
1635,72,Puruandiro ,2,Puruandiro,7
1636,72,Puruandiro ,2,Puruandiro,7
1637,72,Puruandiro ,2,Puruandiro,7
1638,72,Puruandiro ,2,Puruandiro,7
1639,72,Puruandiro ,2,Puruandiro,7
1640,72,Puruandiro ,2,Puruandiro,7
1641,72,Puruandiro ,2,Puruandiro,7
1642,72,Puruandiro ,2,Puruandiro,7
1643,72,Puruandiro ,2,Puruandiro,7
1644,72,Puruandiro ,2,Puruandiro,7
1645,72,Puruandiro ,2,Puruandiro,7
1646,72,Puruandiro ,2,Puruandiro,7
1647,73,Querendaro,12, Hidalgo,6
1648,73,Querendaro,12, Hidalgo,6
1649,73,Querendaro,12, Hidalgo,6
1650,73,Querendaro,12, Hidalgo,6
1651,73,Querendaro,12, Hidalgo,6
1652,73,Querendaro,12, Hidalgo,6
1653,73,Querendaro,12, Hidalgo,6
1654,73,Querendaro,12, Hidalgo,6
1655,73,Querendaro,12, Hidalgo,6
1656,73,Querendaro,12, Hidalgo,6
1657,73,Querendaro,12, Hidalgo,6
1658,73,Querendaro,12, Hidalgo,6
1659,73,Querendaro,12, Hidalgo,6
1660,73,Querendaro,12, Hidalgo,6
1661,74,Quiroga,5,Paracho ,7
1662,74,Quiroga,5,Paracho ,7
1663,74,Quiroga,5,Paracho ,7
1664,74,Quiroga,5,Paracho ,7
1665,74,Quiroga,5,Paracho ,7
1666,74,Quiroga,5,Paracho ,7
1667,74,Quiroga,5,Paracho ,7
1668,74,Quiroga,5,Paracho ,7
1669,74,Quiroga,5,Paracho ,7
1670,74,Quiroga,5,Paracho ,7
1671,74,Quiroga,5,Paracho ,7
1672,74,Quiroga,5,Paracho ,7
1673,74,Quiroga,5,Paracho ,7
1674,74,Quiroga,5,Paracho ,7
1675,75,Cojumatlan de Regules,4,Jiquilpan ,4
1676,75,Cojumatlan de Regules,4,Jiquilpan ,4
1677,75,Cojumatlan de Regules,4,Jiquilpan ,4
1678,75,Cojumatlan de Regules,4,Jiquilpan ,4
1679,75,Cojumatlan de Regules,4,Jiquilpan ,4
1680,75,Cojumatlan de Regules,4,Jiquilpan ,4
1681,75,Cojumatlan de Regules,4,Jiquilpan ,4
1682,75,Cojumatlan de Regules,4,Jiquilpan ,4
1683,75,Cojumatlan de Regules,4,Jiquilpan ,4
1684,76,Los Reyes,9,Los Reyes ,4
1685,76,Los Reyes,9,Los Reyes ,4
1686,76,Los Reyes,9,Los Reyes ,4
1687,76,Los Reyes,9,Los Reyes ,4
1688,76,Los Reyes,9,Los Reyes ,4
1689,76,Los Reyes,9,Los Reyes ,4
1690,76,Los Reyes,9,Los Reyes ,4
1691,76,Los Reyes,9,Los Reyes ,4
1692,76,Los Reyes,9,Los Reyes ,4
1693,76,Los Reyes,9,Los Reyes ,4
1694,76,Los Reyes,9,Los Reyes ,4
1695,76,Los Reyes,9,Los Reyes ,4
1696,76,Los Reyes,9,Los Reyes ,4
1697,76,Los Reyes,9,Los Reyes ,4
1698,76,Los Reyes,9,Los Reyes ,4
1699,76,Los Reyes,9,Los Reyes ,4
1700,76,Los Reyes,9,Los Reyes ,4
1701,76,Los Reyes,9,Los Reyes ,4
1702,76,Los Reyes,9,Los Reyes ,4
1703,76,Los Reyes,9,Los Reyes ,4
1704,76,Los Reyes,9,Los Reyes ,4
1705,76,Los Reyes,9,Los Reyes ,4
1706,76,Los Reyes,9,Los Reyes ,4
1707,76,Los Reyes,9,Los Reyes ,4
1708,76,Los Reyes,9,Los Reyes ,4
1709,76,Los Reyes,9,Los Reyes ,4
1710,76,Los Reyes,9,Los Reyes ,4
1711,76,Los Reyes,9,Los Reyes ,4
1712,76,Los Reyes,9,Los Reyes ,4
1713,76,Los Reyes,9,Los Reyes ,4
1714,76,Los Reyes,9,Los Reyes ,4
1715,76,Los Reyes,9,Los Reyes ,4
1716,76,Los Reyes,9,Los Reyes ,4
1717,76,Los Reyes,9,Los Reyes ,4
1718,76,Los Reyes,9,Los Reyes ,4
1719,77,Sahuayo,4,Jiquilpan ,4
1720,77,Sahuayo,4,Jiquilpan ,4
1721,77,Sahuayo,4,Jiquilpan ,4
1722,77,Sahuayo,4,Jiquilpan ,4
1723,77,Sahuayo,4,Jiquilpan ,4
1724,77,Sahuayo,4,Jiquilpan ,4
1725,77,Sahuayo,4,Jiquilpan ,4
1726,77,Sahuayo,4,Jiquilpan ,4
1727,77,Sahuayo,4,Jiquilpan ,4
1728,77,Sahuayo,4,Jiquilpan ,4
1729,77,Sahuayo,4,Jiquilpan ,4
1730,77,Sahuayo,4,Jiquilpan ,4
1731,77,Sahuayo,4,Jiquilpan ,4
1732,77,Sahuayo,4,Jiquilpan ,4
1733,77,Sahuayo,4,Jiquilpan ,4
1734,77,Sahuayo,4,Jiquilpan ,4
1735,77,Sahuayo,4,Jiquilpan ,4
1736,77,Sahuayo,4,Jiquilpan ,4
1737,77,Sahuayo,4,Jiquilpan ,4
1738,77,Sahuayo,4,Jiquilpan ,4
1739,77,Sahuayo,4,Jiquilpan ,4
1740,77,Sahuayo,4,Jiquilpan ,4
1741,77,Sahuayo,4,Jiquilpan ,4
1742,77,Sahuayo,4,Jiquilpan ,4
1743,77,Sahuayo,4,Jiquilpan ,4
1744,77,Sahuayo,4,Jiquilpan ,4
1745,77,Sahuayo,4,Jiquilpan ,4
1746,77,Sahuayo,4,Jiquilpan ,4
1747,77,Sahuayo,4,Jiquilpan ,4
1748,77,Sahuayo,4,Jiquilpan ,4
1749,77,Sahuayo,4,Jiquilpan ,4
1750,77,Sahuayo,4,Jiquilpan ,4
1751,77,Sahuayo,4,Jiquilpan ,4
1752,77,Sahuayo,4,Jiquilpan ,4
1753,77,Sahuayo,4,Jiquilpan ,4
1754,77,Sahuayo,4,Jiquilpan ,4
1755,77,Sahuayo,4,Jiquilpan ,4
1756,77,Sahuayo,4,Jiquilpan ,4
1757,77,Sahuayo,4,Jiquilpan ,4
1758,77,Sahuayo,4,Jiquilpan ,4
1759,77,Sahuayo,4,Jiquilpan ,4
1760,77,Sahuayo,4,Jiquilpan ,4
1761,77,Sahuayo,4,Jiquilpan ,4
1762,77,Sahuayo,4,Jiquilpan ,4
1763,77,Sahuayo,4,Jiquilpan ,4
1764,77,Sahuayo,4,Jiquilpan ,4
1765,77,Sahuayo,4,Jiquilpan ,4
1766,77,Sahuayo,4,Jiquilpan ,4
1767,77,Sahuayo,4,Jiquilpan ,4
1768,78,San Lucas,18,Huetamo ,11
1769,78,San Lucas,18,Huetamo ,11
1770,78,San Lucas,18,Huetamo ,11
1771,78,San Lucas,18,Huetamo ,11
1772,78,San Lucas,18,Huetamo ,11
1773,78,San Lucas,18,Huetamo ,11
1774,78,San Lucas,18,Huetamo ,11
1775,78,San Lucas,18,Huetamo ,11
1776,78,San Lucas,18,Huetamo ,11
1777,78,San Lucas,18,Huetamo ,11
1778,78,San Lucas,18,Huetamo ,11
1779,78,San Lucas,18,Huetamo ,11
1780,78,San Lucas,18,Huetamo ,11
1781,78,San Lucas,18,Huetamo ,11
1782,78,San Lucas,18,Huetamo ,11
1783,78,San Lucas,18,Huetamo ,11
1784,78,San Lucas,18,Huetamo ,11
1785,78,San Lucas,18,Huetamo ,11
1786,78,San Lucas,18,Huetamo ,11
1787,78,San Lucas,18,Huetamo ,11
1788,79,Santa Ana Maya,8,Tarimbaro,6
1789,79,Santa Ana Maya,8,Tarimbaro,6
1790,79,Santa Ana Maya,8,Tarimbaro,6
1791,79,Santa Ana Maya,8,Tarimbaro,6
1792,79,Santa Ana Maya,8,Tarimbaro,6
1793,79,Santa Ana Maya,8,Tarimbaro,6
1794,79,Santa Ana Maya,8,Tarimbaro,6
1795,79,Santa Ana Maya,8,Tarimbaro,6
1796,79,Santa Ana Maya,8,Tarimbaro,6
1797,79,Santa Ana Maya,8,Tarimbaro,6
1798,79,Santa Ana Maya,8,Tarimbaro,6
1799,80,Salvador Escalante,15,Patzcuaro,11
1800,80,Salvador Escalante,15,Patzcuaro,11
1801,80,Salvador Escalante,15,Patzcuaro,11
1802,80,Salvador Escalante,15,Patzcuaro,11
1803,80,Salvador Escalante,15,Patzcuaro,11
1804,80,Salvador Escalante,15,Patzcuaro,11
1805,80,Salvador Escalante,15,Patzcuaro,11
1806,80,Salvador Escalante,15,Patzcuaro,11
1807,80,Salvador Escalante,15,Patzcuaro,11
1808,80,Salvador Escalante,15,Patzcuaro,11
1809,80,Salvador Escalante,15,Patzcuaro,11
1810,80,Salvador Escalante,15,Patzcuaro,11
1811,80,Salvador Escalante,15,Patzcuaro,11
1812,80,Salvador Escalante,15,Patzcuaro,11
1813,80,Salvador Escalante,15,Patzcuaro,11
1814,80,Salvador Escalante,15,Patzcuaro,11
1815,80,Salvador Escalante,15,Patzcuaro,11
1816,80,Salvador Escalante,15,Patzcuaro,11
1817,80,Salvador Escalante,15,Patzcuaro,11
1818,80,Salvador Escalante,15,Patzcuaro,11
1819,80,Salvador Escalante,15,Patzcuaro,11
1820,80,Salvador Escalante,15,Patzcuaro,11
1821,81,Senguio,3,Maravatio ,3
1822,81,Senguio,3,Maravatio ,3
1823,81,Senguio,3,Maravatio ,3
1824,81,Senguio,3,Maravatio ,3
1825,81,Senguio,3,Maravatio ,3
1826,81,Senguio,3,Maravatio ,3
1827,81,Senguio,3,Maravatio ,3
1828,81,Senguio,3,Maravatio ,3
1829,81,Senguio,3,Maravatio ,3
1830,81,Senguio,3,Maravatio ,3
1831,81,Senguio,3,Maravatio ,3
1832,82,Susupuato,18,Huetamo ,11
1833,82,Susupuato,18,Huetamo ,11
1834,82,Susupuato,18,Huetamo ,11
1835,82,Susupuato,18,Huetamo ,11
1836,82,Susupuato,18,Huetamo ,11
1837,82,Susupuato,18,Huetamo ,11
1839,82,Susupuato,18,Huetamo ,11
1840,82,Susupuato,18,Huetamo ,11
1841,82,Susupuato,18,Huetamo ,11
1843,82,Susupuato,18,Huetamo ,11
1844,83,Tacambaro,19,Tacambaro ,11
1845,83,Tacambaro,19,Tacambaro ,11
1846,83,Tacambaro,19,Tacambaro ,11
1847,83,Tacambaro,19,Tacambaro ,11
1848,83,Tacambaro,19,Tacambaro ,11
1849,83,Tacambaro,19,Tacambaro ,11
1850,83,Tacambaro,19,Tacambaro ,11
1851,83,Tacambaro,19,Tacambaro ,11
1852,83,Tacambaro,19,Tacambaro ,11
1853,83,Tacambaro,19,Tacambaro ,11
1854,83,Tacambaro,19,Tacambaro ,11
1855,83,Tacambaro,19,Tacambaro ,11
1856,83,Tacambaro,19,Tacambaro ,11
1857,83,Tacambaro,19,Tacambaro ,11
1858,83,Tacambaro,19,Tacambaro ,11
1859,83,Tacambaro,19,Tacambaro ,11
1860,83,Tacambaro,19,Tacambaro ,11
1861,83,Tacambaro,19,Tacambaro ,11
1862,83,Tacambaro,19,Tacambaro ,11
1863,83,Tacambaro,19,Tacambaro ,11
1864,83,Tacambaro,19,Tacambaro ,11
1865,83,Tacambaro,19,Tacambaro ,11
1866,83,Tacambaro,19,Tacambaro ,11
1867,83,Tacambaro,19,Tacambaro ,11
1868,83,Tacambaro,19,Tacambaro ,11
1869,83,Tacambaro,19,Tacambaro ,11
1870,83,Tacambaro,19,Tacambaro ,11
1871,83,Tacambaro,19,Tacambaro ,11
1872,83,Tacambaro,19,Tacambaro ,11
1873,83,Tacambaro,19,Tacambaro ,11
1874,83,Tacambaro,19,Tacambaro ,11
1875,83,Tacambaro,19,Tacambaro ,11
1876,83,Tacambaro,19,Tacambaro ,11
1877,83,Tacambaro,19,Tacambaro ,11
1878,83,Tacambaro,19,Tacambaro ,11
1879,83,Tacambaro,19,Tacambaro ,11
1880,83,Tacambaro,19,Tacambaro ,11
1881,83,Tacambaro,19,Tacambaro ,11
1882,84,Tancitaro,23,Apatzingan ,2
1883,84,Tancitaro,23,Apatzingan ,2
1884,84,Tancitaro,23,Apatzingan ,2
1885,84,Tancitaro,23,Apatzingan ,2
1886,84,Tancitaro,23,Apatzingan ,2
1887,84,Tancitaro,23,Apatzingan ,2
1888,84,Tancitaro,23,Apatzingan ,2
1889,84,Tancitaro,23,Apatzingan ,2
1890,84,Tancitaro,23,Apatzingan ,2
1891,84,Tancitaro,23,Apatzingan ,2
1892,84,Tancitaro,23,Apatzingan ,2
1893,84,Tancitaro,23,Apatzingan ,2
1894,84,Tancitaro,23,Apatzingan ,2
1895,84,Tancitaro,23,Apatzingan ,2
1896,84,Tancitaro,23,Apatzingan ,2
1898,85,Tangamandapio,9,Los Reyes ,4
1899,85,Tangamandapio,9,Los Reyes ,4
1900,85,Tangamandapio,9,Los Reyes ,4
1901,85,Tangamandapio,9,Los Reyes ,4
1902,85,Tangamandapio,9,Los Reyes ,4
1903,85,Tangamandapio,9,Los Reyes ,4
1904,85,Tangamandapio,9,Los Reyes ,4
1905,85,Tangamandapio,9,Los Reyes ,4
1906,85,Tangamandapio,9,Los Reyes ,4
1907,85,Tangamandapio,9,Los Reyes ,4
1908,85,Tangamandapio,9,Los Reyes ,4
1909,85,Tangamandapio,9,Los Reyes ,4
1910,85,Tangamandapio,9,Los Reyes ,4
1911,85,Tangamandapio,9,Los Reyes ,4
1912,86,Tangancicuaro,7,Zacapu,4
1913,86,Tangancicuaro,7,Zacapu,4
1914,86,Tangancicuaro,7,Zacapu,4
1915,86,Tangancicuaro,7,Zacapu,4
1916,86,Tangancicuaro,7,Zacapu,4
1917,86,Tangancicuaro,7,Zacapu,4
1918,86,Tangancicuaro,7,Zacapu,4
1919,86,Tangancicuaro,7,Zacapu,4
1920,86,Tangancicuaro,7,Zacapu,4
1921,86,Tangancicuaro,7,Zacapu,4
1922,86,Tangancicuaro,7,Zacapu,4
1923,86,Tangancicuaro,7,Zacapu,4
1924,86,Tangancicuaro,7,Zacapu,4
1925,86,Tangancicuaro,7,Zacapu,4
1926,86,Tangancicuaro,7,Zacapu,4
1927,86,Tangancicuaro,7,Zacapu,4
1928,86,Tangancicuaro,7,Zacapu,4
1929,86,Tangancicuaro,7,Zacapu,4
1930,86,Tangancicuaro,7,Zacapu,4
1931,86,Tangancicuaro,7,Zacapu,4
1932,86,Tangancicuaro,7,Zacapu,4
1933,86,Tangancicuaro,7,Zacapu,4
1934,86,Tangancicuaro,7,Zacapu,4
1935,86,Tangancicuaro,7,Zacapu,4
1936,86,Tangancicuaro,7,Zacapu,4
1937,86,Tangancicuaro,7,Zacapu,4
1938,86,Tangancicuaro,7,Zacapu,4
1939,87,Tanhuato,1,La Piedad,5
1940,87,Tanhuato,1,La Piedad,5
1941,87,Tanhuato,1,La Piedad,5
1942,87,Tanhuato,1,La Piedad,5
1943,87,Tanhuato,1,La Piedad,5
1944,87,Tanhuato,1,La Piedad,5
1945,87,Tanhuato,1,La Piedad,5
1946,87,Tanhuato,1,La Piedad,5
1947,87,Tanhuato,1,La Piedad,5
1948,87,Tanhuato,1,La Piedad,5
1949,87,Tanhuato,1,La Piedad,5
1950,88,Taretan,19,Tacambaro ,11
1951,88,Taretan,19,Tacambaro ,11
1952,88,Taretan,19,Tacambaro ,11
1953,88,Taretan,19,Tacambaro ,11
1954,88,Taretan,19,Tacambaro ,11
1955,88,Taretan,19,Tacambaro ,11
1956,88,Taretan,19,Tacambaro ,11
1957,88,Taretan,19,Tacambaro ,11
1958,88,Taretan,19,Tacambaro ,11
1959,89,Tarimbaro,8,Tarimbaro,6
1960,89,Tarimbaro,8,Tarimbaro,6
1961,89,Tarimbaro,8,Tarimbaro,6
1962,89,Tarimbaro,8,Tarimbaro,6
1963,89,Tarimbaro,8,Tarimbaro,6
1964,89,Tarimbaro,8,Tarimbaro,6
1965,89,Tarimbaro,8,Tarimbaro,6
1966,89,Tarimbaro,8,Tarimbaro,6
1967,89,Tarimbaro,8,Tarimbaro,6
1968,89,Tarimbaro,8,Tarimbaro,6
1969,89,Tarimbaro,8,Tarimbaro,6
1970,89,Tarimbaro,8,Tarimbaro,6
1971,89,Tarimbaro,8,Tarimbaro,6
1972,89,Tarimbaro,8,Tarimbaro,6
1973,89,Tarimbaro,8,Tarimbaro,6
1974,89,Tarimbaro,8,Tarimbaro,6
1975,89,Tarimbaro,8,Tarimbaro,6
1977,89,Tarimbaro,8,Tarimbaro,6
1978,89,Tarimbaro,8,Tarimbaro,6
1979,90,Tepalcatepec,21,Coalcoman de Vazquez Pallares,2
1980,90,Tepalcatepec,21,Coalcoman de Vazquez Pallares,2
1981,90,Tepalcatepec,21,Coalcoman de Vazquez Pallares,2
1982,90,Tepalcatepec,21,Coalcoman de Vazquez Pallares,2
1983,90,Tepalcatepec,21,Coalcoman de Vazquez Pallares,2
1984,90,Tepalcatepec,21,Coalcoman de Vazquez Pallares,2
1985,90,Tepalcatepec,21,Coalcoman de Vazquez Pallares,2
1986,90,Tepalcatepec,21,Coalcoman de Vazquez Pallares,2
1987,90,Tepalcatepec,21,Coalcoman de Vazquez Pallares,2
1988,90,Tepalcatepec,21,Coalcoman de Vazquez Pallares,2
1989,90,Tepalcatepec,21,Coalcoman de Vazquez Pallares,2
1990,90,Tepalcatepec,21,Coalcoman de Vazquez Pallares,2
1991,90,Tepalcatepec,21,Coalcoman de Vazquez Pallares,2
1992,90,Tepalcatepec,21,Coalcoman de Vazquez Pallares,2
1993,90,Tepalcatepec,21,Coalcoman de Vazquez Pallares,2
1994,90,Tepalcatepec,21,Coalcoman de Vazquez Pallares,2
1995,91,Tingambato,15,Patzcuaro,11
1996,91,Tingambato,15,Patzcuaro,11
1997,91,Tingambato,15,Patzcuaro,11
1998,91,Tingambato,15,Patzcuaro,11
1999,91,Tingambato,15,Patzcuaro,11
2000,91,Tingambato,15,Patzcuaro,11
2001,91,Tingambato,15,Patzcuaro,11
2002,92,Tingüindin,9,Los Reyes ,4
2003,92,Tingüindin,9,Los Reyes ,4
2004,92,Tingüindin,9,Los Reyes ,4
2005,92,Tingüindin,9,Los Reyes ,4
2006,92,Tingüindin,9,Los Reyes ,4
2007,92,Tingüindin,9,Los Reyes ,4
2008,92,Tingüindin,9,Los Reyes ,4
2009,92,Tingüindin,9,Los Reyes ,4
2010,92,Tingüindin,9,Los Reyes ,4
2011,92,Tingüindin,9,Los Reyes ,4
2012,92,Tingüindin,9,Los Reyes ,4
2013,93,Tiquicheo de Nicolas Romero,18,Huetamo ,11
2014,93,Tiquicheo de Nicolas Romero,18,Huetamo ,11
2015,93,Tiquicheo de Nicolas Romero,18,Huetamo ,11
2017,93,Tiquicheo de Nicolas Romero,18,Huetamo ,11
2018,93,Tiquicheo de Nicolas Romero,18,Huetamo ,11
2019,93,Tiquicheo de Nicolas Romero,18,Huetamo ,11
2020,93,Tiquicheo de Nicolas Romero,18,Huetamo ,11
2021,93,Tiquicheo de Nicolas Romero,18,Huetamo ,11
2022,93,Tiquicheo de Nicolas Romero,18,Huetamo ,11
2023,93,Tiquicheo de Nicolas Romero,18,Huetamo ,11
2024,93,Tiquicheo de Nicolas Romero,18,Huetamo ,11
2025,94,Tlalpujahua,3,Maravatio ,3
2026,94,Tlalpujahua,3,Maravatio ,3
2027,94,Tlalpujahua,3,Maravatio ,3
2028,94,Tlalpujahua,3,Maravatio ,3
2029,94,Tlalpujahua,3,Maravatio ,3
2030,94,Tlalpujahua,3,Maravatio ,3
2031,94,Tlalpujahua,3,Maravatio ,3
2032,94,Tlalpujahua,3,Maravatio ,3
2033,94,Tlalpujahua,3,Maravatio ,3
2034,94,Tlalpujahua,3,Maravatio ,3
2035,94,Tlalpujahua,3,Maravatio ,3
2036,94,Tlalpujahua,3,Maravatio ,3
2037,94,Tlalpujahua,3,Maravatio ,3
2038,94,Tlalpujahua,3,Maravatio ,3
2039,94,Tlalpujahua,3,Maravatio ,3
2040,95,Tlazacalca,7,Zacapu,4
2041,95,Tlazacalca,7,Zacapu,4
2042,95,Tlazacalca,7,Zacapu,4
2043,95,Tlazacalca,7,Zacapu,4
2044,95,Tlazacalca,7,Zacapu,4
2045,95,Tlazacalca,7,Zacapu,4
2046,95,Tlazacalca,7,Zacapu,4
2047,95,Tlazacalca,7,Zacapu,4
2048,95,Tlazacalca,7,Zacapu,4
2049,95,Tlazacalca,7,Zacapu,4
2050,95,Tlazacalca,7,Zacapu,4
2051,95,Tlazacalca,7,Zacapu,4
2052,96,Tocumbo,9,Los Reyes ,4
2053,96,Tocumbo,9,Los Reyes ,4
2054,96,Tocumbo,9,Los Reyes ,4
2055,96,Tocumbo,9,Los Reyes ,4
2056,96,Tocumbo,9,Los Reyes ,4
2057,96,Tocumbo,9,Los Reyes ,4
2058,96,Tocumbo,9,Los Reyes ,4
2059,96,Tocumbo,9,Los Reyes ,4
2060,96,Tocumbo,9,Los Reyes ,4
2061,96,Tocumbo,9,Los Reyes ,4
2062,96,Tocumbo,9,Los Reyes ,4
2063,96,Tocumbo,9,Los Reyes ,4
2064,96,Tocumbo,9,Los Reyes ,4
2065,97,Tumbiscatio,22,Mugica,1
2066,97,Tumbiscatio,22,Mugica,1
2067,97,Tumbiscatio,22,Mugica,1
2068,97,Tumbiscatio,22,Mugica,1
2069,97,Tumbiscatio,22,Mugica,1
2071,97,Tumbiscatio,22,Mugica,1
2072,97,Tumbiscatio,22,Mugica,1
2074,97,Tumbiscatio,22,Mugica,1
2075,98,Turicato,19,Tacambaro ,11
2076,98,Turicato,19,Tacambaro ,11
2077,98,Turicato,19,Tacambaro ,11
2078,98,Turicato,19,Tacambaro ,11
2079,98,Turicato,19,Tacambaro ,11
2080,98,Turicato,19,Tacambaro ,11
2081,98,Turicato,19,Tacambaro ,11
2082,98,Turicato,19,Tacambaro ,11
2083,98,Turicato,19,Tacambaro ,11
2084,98,Turicato,19,Tacambaro ,11
2085,98,Turicato,19,Tacambaro ,11
2086,98,Turicato,19,Tacambaro ,11
2087,98,Turicato,19,Tacambaro ,11
2088,98,Turicato,19,Tacambaro ,11
2089,98,Turicato,19,Tacambaro ,11
2090,98,Turicato,19,Tacambaro ,11
2091,98,Turicato,19,Tacambaro ,11
2092,98,Turicato,19,Tacambaro ,11
2093,98,Turicato,19,Tacambaro ,11
2094,98,Turicato,19,Tacambaro ,11
2095,98,Turicato,19,Tacambaro ,11
2096,98,Turicato,19,Tacambaro ,11
2097,98,Turicato,19,Tacambaro ,11
2098,98,Turicato,19,Tacambaro ,11
2099,98,Turicato,19,Tacambaro ,11
2100,98,Turicato,19,Tacambaro ,11
2101,98,Turicato,19,Tacambaro ,11
2102,98,Turicato,19,Tacambaro ,11
2104,98,Turicato,19,Tacambaro ,11
2105,98,Turicato,19,Tacambaro ,11
2107,98,Turicato,19,Tacambaro ,11
2108,98,Turicato,19,Tacambaro ,11
2109,98,Turicato,19,Tacambaro ,11
2110,98,Turicato,19,Tacambaro ,11
2111,98,Turicato,19,Tacambaro ,11
2112,98,Turicato,19,Tacambaro ,11
2113,99,Tuxpan,18,Huetamo ,11
2114,99,Tuxpan,18,Huetamo ,11
2115,99,Tuxpan,18,Huetamo ,11
2116,99,Tuxpan,18,Huetamo ,11
2117,99,Tuxpan,18,Huetamo ,11
2118,99,Tuxpan,18,Huetamo ,11
2119,99,Tuxpan,18,Huetamo ,11
2120,99,Tuxpan,18,Huetamo ,11
2121,99,Tuxpan,18,Huetamo ,11
2122,99,Tuxpan,18,Huetamo ,11
2123,99,Tuxpan,18,Huetamo ,11
2124,99,Tuxpan,18,Huetamo ,11
2125,99,Tuxpan,18,Huetamo ,11
2126,99,Tuxpan,18,Huetamo ,11
2127,99,Tuxpan,18,Huetamo ,11
2128,99,Tuxpan,18,Huetamo ,11
2129,99,Tuxpan,18,Huetamo ,11
2130,100,Tuzantla,18,Huetamo ,11
2131,100,Tuzantla,18,Huetamo ,11
2132,100,Tuzantla,18,Huetamo ,11
2133,100,Tuzantla,18,Huetamo ,11
2134,100,Tuzantla,18,Huetamo ,11
2135,100,Tuzantla,18,Huetamo ,11
2136,100,Tuzantla,18,Huetamo ,11
2137,100,Tuzantla,18,Huetamo ,11
2138,100,Tuzantla,18,Huetamo ,11
2139,100,Tuzantla,18,Huetamo ,11
2140,100,Tuzantla,18,Huetamo ,11
2141,100,Tuzantla,18,Huetamo ,11
2142,100,Tuzantla,18,Huetamo ,11
2144,100,Tuzantla,18,Huetamo ,11
2145,100,Tuzantla,18,Huetamo ,11
2146,100,Tuzantla,18,Huetamo ,11
2147,100,Tuzantla,18,Huetamo ,11
2148,100,Tuzantla,18,Huetamo ,11
2149,100,Tuzantla,18,Huetamo ,11
2150,100,Tuzantla,18,Huetamo ,11
2151,101,Tzintzuntzan,15,Patzcuaro,11
2152,101,Tzintzuntzan,15,Patzcuaro,11
2153,101,Tzintzuntzan,15,Patzcuaro,11
2154,101,Tzintzuntzan,15,Patzcuaro,11
2155,101,Tzintzuntzan,15,Patzcuaro,11
2156,101,Tzintzuntzan,15,Patzcuaro,11
2157,101,Tzintzuntzan,15,Patzcuaro,11
2158,101,Tzintzuntzan,15,Patzcuaro,11
2159,101,Tzintzuntzan,15,Patzcuaro,11
2160,102,Tzitzio,18,Huetamo ,11
2161,102,Tzitzio,18,Huetamo ,11
2162,102,Tzitzio,18,Huetamo ,11
2163,102,Tzitzio,18,Huetamo ,11
2164,102,Tzitzio,18,Huetamo ,11
2165,102,Tzitzio,18,Huetamo ,11
2166,102,Tzitzio,18,Huetamo ,11
2167,102,Tzitzio,18,Huetamo ,11
2168,102,Tzitzio,18,Huetamo ,11
2169,102,Tzitzio,18,Huetamo ,11
2170,102,Tzitzio,18,Huetamo ,11
2171,102,Tzitzio,18,Huetamo ,11
2172,102,Tzitzio,18,Huetamo ,11
2173,102,Tzitzio,18,Huetamo ,11
2174,102,Tzitzio,18,Huetamo ,11
2175,103,Uruapan,14,Uruapan Norte,9
2176,103,Uruapan,14,Uruapan Norte,9
2177,103,Uruapan,14,Uruapan Norte,9
2178,103,Uruapan,14,Uruapan Norte,9
2179,103,Uruapan,14,Uruapan Norte,9
2180,103,Uruapan,14,Uruapan Norte,9
2181,103,Uruapan,14,Uruapan Norte,9
2182,103,Uruapan,14,Uruapan Norte,9
2183,103,Uruapan,14,Uruapan Norte,9
2184,103,Uruapan,14,Uruapan Norte,9
2185,103,Uruapan,14,Uruapan Norte,9
2186,103,Uruapan,14,Uruapan Norte,9
2187,103,Uruapan,14,Uruapan Norte,9
2188,103,Uruapan,14,Uruapan Norte,9
2189,103,Uruapan,14,Uruapan Norte,9
2190,103,Uruapan,14,Uruapan Norte,9
2191,103,Uruapan,14,Uruapan Norte,9
2192,103,Uruapan,14,Uruapan Norte,9
2193,103,Uruapan,14,Uruapan Norte,9
2194,103,Uruapan,14,Uruapan Norte,9
2195,103,Uruapan,14,Uruapan Norte,9
2196,103,Uruapan,14,Uruapan Norte,9
2197,103,Uruapan,14,Uruapan Norte,9
2198,103,Uruapan,14,Uruapan Norte,9
2199,103,Uruapan,14,Uruapan Norte,9
2200,103,Uruapan,14,Uruapan Norte,9
2201,103,Uruapan,14,Uruapan Norte,9
2202,103,Uruapan,14,Uruapan Norte,9
2203,103,Uruapan,14,Uruapan Norte,9
2204,103,Uruapan,14,Uruapan Norte,9
2205,103,Uruapan,14,Uruapan Norte,9
2206,103,Uruapan,14,Uruapan Norte,9
2207,103,Uruapan,20,Uruapan Sur,9
2208,103,Uruapan,20,Uruapan Sur,9
2209,103,Uruapan,14,Uruapan Norte,9
2210,103,Uruapan,14,Uruapan Norte,9
2211,103,Uruapan,14,Uruapan Norte,9
2212,103,Uruapan,14,Uruapan Norte,9
2213,103,Uruapan,14,Uruapan Norte,9
2214,103,Uruapan,14,Uruapan Norte,9
2215,103,Uruapan,14,Uruapan Norte,9
2216,103,Uruapan,14,Uruapan Norte,9
2217,103,Uruapan,14,Uruapan Norte,9
2218,103,Uruapan,14,Uruapan Norte,9
2219,103,Uruapan,14,Uruapan Norte,9
2220,103,Uruapan,14,Uruapan Norte,9
2221,103,Uruapan,14,Uruapan Norte,9
2222,103,Uruapan,14,Uruapan Norte,9
2223,103,Uruapan,14,Uruapan Norte,9
2224,103,Uruapan,14,Uruapan Norte,9
2225,103,Uruapan,14,Uruapan Norte,9
2226,103,Uruapan,20,Uruapan Sur,9
2227,103,Uruapan,20,Uruapan Sur,9
2228,103,Uruapan,20,Uruapan Sur,9
2229,103,Uruapan,20,Uruapan Sur,9
2230,103,Uruapan,20,Uruapan Sur,9
2231,103,Uruapan,20,Uruapan Sur,9
2232,103,Uruapan,20,Uruapan Sur,9
2233,103,Uruapan,20,Uruapan Sur,9
2234,103,Uruapan,20,Uruapan Sur,9
2235,103,Uruapan,20,Uruapan Sur,9
2236,103,Uruapan,14,Uruapan Norte,9
2237,103,Uruapan,14,Uruapan Norte,9
2238,103,Uruapan,14,Uruapan Norte,9
2239,103,Uruapan,14,Uruapan Norte,9
2240,103,Uruapan,14,Uruapan Norte,9
2241,103,Uruapan,14,Uruapan Norte,9
2242,103,Uruapan,14,Uruapan Norte,9
2243,103,Uruapan,20,Uruapan Sur,9
2244,103,Uruapan,20,Uruapan Sur,9
2245,103,Uruapan,20,Uruapan Sur,9
2246,103,Uruapan,20,Uruapan Sur,9
2247,103,Uruapan,20,Uruapan Sur,9
2248,103,Uruapan,20,Uruapan Sur,9
2249,103,Uruapan,20,Uruapan Sur,9
2250,103,Uruapan,20,Uruapan Sur,9
2251,103,Uruapan,20,Uruapan Sur,9
2252,103,Uruapan,20,Uruapan Sur,9
2253,103,Uruapan,20,Uruapan Sur,9
2254,103,Uruapan,20,Uruapan Sur,9
2255,103,Uruapan,14,Uruapan Norte,9
2256,103,Uruapan,14,Uruapan Norte,9
2257,103,Uruapan,14,Uruapan Norte,9
2258,103,Uruapan,14,Uruapan Norte,9
2259,103,Uruapan,14,Uruapan Norte,9
2260,103,Uruapan,14,Uruapan Norte,9
2261,103,Uruapan,14,Uruapan Norte,9
2262,103,Uruapan,14,Uruapan Norte,9
2263,103,Uruapan,14,Uruapan Norte,9
2264,103,Uruapan,14,Uruapan Norte,9
2265,103,Uruapan,14,Uruapan Norte,9
2266,103,Uruapan,20,Uruapan Sur,9
2267,103,Uruapan,20,Uruapan Sur,9
2268,103,Uruapan,20,Uruapan Sur,9
2269,103,Uruapan,20,Uruapan Sur,9
2270,103,Uruapan,20,Uruapan Sur,9
2271,103,Uruapan,20,Uruapan Sur,9
2272,103,Uruapan,20,Uruapan Sur,9
2273,103,Uruapan,14,Uruapan Norte,9
2274,103,Uruapan,14,Uruapan Norte,9
2275,103,Uruapan,14,Uruapan Norte,9
2276,103,Uruapan,14,Uruapan Norte,9
2277,103,Uruapan,14,Uruapan Norte,9
2278,103,Uruapan,14,Uruapan Norte,9
2279,103,Uruapan,14,Uruapan Norte,9
2280,103,Uruapan,20,Uruapan Sur,9
2281,103,Uruapan,20,Uruapan Sur,9
2282,103,Uruapan,20,Uruapan Sur,9
2283,103,Uruapan,20,Uruapan Sur,9
2284,103,Uruapan,20,Uruapan Sur,9
2285,103,Uruapan,20,Uruapan Sur,9
2286,103,Uruapan,20,Uruapan Sur,9
2287,103,Uruapan,20,Uruapan Sur,9
2288,103,Uruapan,20,Uruapan Sur,9
2289,103,Uruapan,20,Uruapan Sur,9
2290,103,Uruapan,20,Uruapan Sur,9
2291,103,Uruapan,20,Uruapan Sur,9
2292,103,Uruapan,20,Uruapan Sur,9
2293,103,Uruapan,20,Uruapan Sur,9
2294,103,Uruapan,20,Uruapan Sur,9
2295,103,Uruapan,14,Uruapan Norte,9
2296,103,Uruapan,14,Uruapan Norte,9
2297,103,Uruapan,20,Uruapan Sur,9
2298,103,Uruapan,20,Uruapan Sur,9
2299,103,Uruapan,14,Uruapan Norte,9
2300,103,Uruapan,14,Uruapan Norte,9
2301,103,Uruapan,14,Uruapan Norte,9
2302,103,Uruapan,14,Uruapan Norte,9
2303,103,Uruapan,14,Uruapan Norte,9
2304,103,Uruapan,14,Uruapan Norte,9
2305,103,Uruapan,14,Uruapan Norte,9
2306,103,Uruapan,14,Uruapan Norte,9
2307,103,Uruapan,14,Uruapan Norte,9
2308,103,Uruapan,14,Uruapan Norte,9
2309,103,Uruapan,14,Uruapan Norte,9
2310,103,Uruapan,14,Uruapan Norte,9
2311,103,Uruapan,20,Uruapan Sur,9
2313,103,Uruapan,20,Uruapan Sur,9
2314,103,Uruapan,20,Uruapan Sur,9
2315,103,Uruapan,20,Uruapan Sur,9
2316,103,Uruapan,20,Uruapan Sur,9
2317,104,Venustiano Carranza,4,Jiquilpan ,4
2318,104,Venustiano Carranza,4,Jiquilpan ,4
2319,104,Venustiano Carranza,4,Jiquilpan ,4
2320,104,Venustiano Carranza,4,Jiquilpan ,4
2321,104,Venustiano Carranza,4,Jiquilpan ,4
2322,104,Venustiano Carranza,4,Jiquilpan ,4
2323,104,Venustiano Carranza,4,Jiquilpan ,4
2324,104,Venustiano Carranza,4,Jiquilpan ,4
2325,104,Venustiano Carranza,4,Jiquilpan ,4
2326,104,Venustiano Carranza,4,Jiquilpan ,4
2327,104,Venustiano Carranza,4,Jiquilpan ,4
2328,104,Venustiano Carranza,4,Jiquilpan ,4
2329,104,Venustiano Carranza,4,Jiquilpan ,4
2330,104,Venustiano Carranza,4,Jiquilpan ,4
2331,104,Venustiano Carranza,4,Jiquilpan ,4
2332,104,Venustiano Carranza,4,Jiquilpan ,4
2333,104,Venustiano Carranza,4,Jiquilpan ,4
2334,104,Venustiano Carranza,4,Jiquilpan ,4
2335,104,Venustiano Carranza,4,Jiquilpan ,4
2336,104,Venustiano Carranza,4,Jiquilpan ,4
2337,104,Venustiano Carranza,4,Jiquilpan ,4
2338,104,Venustiano Carranza,4,Jiquilpan ,4
2339,105,Villamar,9,Los Reyes ,4
2340,105,Villamar,9,Los Reyes ,4
2341,105,Villamar,9,Los Reyes ,4
2342,105,Villamar,9,Los Reyes ,4
2343,105,Villamar,9,Los Reyes ,4
2344,105,Villamar,9,Los Reyes ,4
2345,105,Villamar,9,Los Reyes ,4
2346,105,Villamar,9,Los Reyes ,4
2347,105,Villamar,9,Los Reyes ,4
2348,105,Villamar,9,Los Reyes ,4
2349,105,Villamar,9,Los Reyes ,4
2350,105,Villamar,9,Los Reyes ,4
2351,105,Villamar,9,Los Reyes ,4
2352,105,Villamar,9,Los Reyes ,4
2353,105,Villamar,9,Los Reyes ,4
2354,105,Villamar,9,Los Reyes ,4
2355,105,Villamar,9,Los Reyes ,4
2356,105,Villamar,9,Los Reyes ,4
2357,106,Vista Hermosa,4,Jiquilpan ,4
2358,106,Vista Hermosa,4,Jiquilpan ,4
2359,106,Vista Hermosa,4,Jiquilpan ,4
2360,106,Vista Hermosa,4,Jiquilpan ,4
2361,106,Vista Hermosa,4,Jiquilpan ,4
2362,106,Vista Hermosa,4,Jiquilpan ,4
2363,106,Vista Hermosa,4,Jiquilpan ,4
2364,106,Vista Hermosa,4,Jiquilpan ,4
2365,106,Vista Hermosa,4,Jiquilpan ,4
2366,106,Vista Hermosa,4,Jiquilpan ,4
2367,106,Vista Hermosa,4,Jiquilpan ,4
2368,106,Vista Hermosa,4,Jiquilpan ,4
2369,106,Vista Hermosa,4,Jiquilpan ,4
2370,107,Yurecuaro,1,La Piedad,5
2371,107,Yurecuaro,1,La Piedad,5
2372,107,Yurecuaro,1,La Piedad,5
2373,107,Yurecuaro,1,La Piedad,5
2374,107,Yurecuaro,1,La Piedad,5
2375,107,Yurecuaro,1,La Piedad,5
2376,107,Yurecuaro,1,La Piedad,5
2377,107,Yurecuaro,1,La Piedad,5
2378,107,Yurecuaro,1,La Piedad,5
2379,107,Yurecuaro,1,La Piedad,5
2380,107,Yurecuaro,1,La Piedad,5
2381,107,Yurecuaro,1,La Piedad,5
2382,107,Yurecuaro,1,La Piedad,5
2383,107,Yurecuaro,1,La Piedad,5
2384,107,Yurecuaro,1,La Piedad,5
2385,107,Yurecuaro,1,La Piedad,5
2386,107,Yurecuaro,1,La Piedad,5
2387,107,Yurecuaro,1,La Piedad,5
2388,107,Yurecuaro,1,La Piedad,5
2389,108,Zacapu,7,Zacapu,4
2390,108,Zacapu,7,Zacapu,4
2391,108,Zacapu,7,Zacapu,4
2392,108,Zacapu,7,Zacapu,4
2393,108,Zacapu,7,Zacapu,4
2394,108,Zacapu,7,Zacapu,4
2395,108,Zacapu,7,Zacapu,4
2396,108,Zacapu,7,Zacapu,4
2397,108,Zacapu,7,Zacapu,4
2398,108,Zacapu,7,Zacapu,4
2399,108,Zacapu,7,Zacapu,4
2400,108,Zacapu,7,Zacapu,4
2401,108,Zacapu,7,Zacapu,4
2402,108,Zacapu,7,Zacapu,4
2403,108,Zacapu,7,Zacapu,4
2404,108,Zacapu,7,Zacapu,4
2405,108,Zacapu,7,Zacapu,4
2406,108,Zacapu,7,Zacapu,4
2407,108,Zacapu,7,Zacapu,4
2408,108,Zacapu,7,Zacapu,4
2409,108,Zacapu,7,Zacapu,4
2410,108,Zacapu,7,Zacapu,4
2411,108,Zacapu,7,Zacapu,4
2412,108,Zacapu,7,Zacapu,4
2413,108,Zacapu,7,Zacapu,4
2414,108,Zacapu,7,Zacapu,4
2415,108,Zacapu,7,Zacapu,4
2416,108,Zacapu,7,Zacapu,4
2417,108,Zacapu,7,Zacapu,4
2418,108,Zacapu,7,Zacapu,4
2419,108,Zacapu,7,Zacapu,4
2420,108,Zacapu,7,Zacapu,4
2421,108,Zacapu,7,Zacapu,4
2422,108,Zacapu,7,Zacapu,4
2423,108,Zacapu,7,Zacapu,4
2424,108,Zacapu,7,Zacapu,4
2425,108,Zacapu,7,Zacapu,4
2426,108,Zacapu,7,Zacapu,4
2427,108,Zacapu,7,Zacapu,4
2428,108,Zacapu,7,Zacapu,4
2429,108,Zacapu,7,Zacapu,4
2430,108,Zacapu,7,Zacapu,4
2431,108,Zacapu,7,Zacapu,4
2432,108,Zacapu,7,Zacapu,4
2433,108,Zacapu,7,Zacapu,4
2434,108,Zacapu,7,Zacapu,4
2435,108,Zacapu,7,Zacapu,4
2436,109,Zamora,6,Zamora,5
2437,109,Zamora,6,Zamora,5
2438,109,Zamora,6,Zamora,5
2439,109,Zamora,6,Zamora,5
2440,109,Zamora,6,Zamora,5
2441,109,Zamora,6,Zamora,5
2442,109,Zamora,6,Zamora,5
2443,109,Zamora,6,Zamora,5
2444,109,Zamora,6,Zamora,5
2445,109,Zamora,6,Zamora,5
2446,109,Zamora,6,Zamora,5
2447,109,Zamora,6,Zamora,5
2448,109,Zamora,6,Zamora,5
2449,109,Zamora,6,Zamora,5
2450,109,Zamora,6,Zamora,5
2451,109,Zamora,6,Zamora,5
2452,109,Zamora,6,Zamora,5
2453,109,Zamora,6,Zamora,5
2454,109,Zamora,6,Zamora,5
2455,109,Zamora,6,Zamora,5
2456,109,Zamora,6,Zamora,5
2457,109,Zamora,6,Zamora,5
2458,109,Zamora,6,Zamora,5
2459,109,Zamora,6,Zamora,5
2460,109,Zamora,6,Zamora,5
2461,109,Zamora,6,Zamora,5
2462,109,Zamora,6,Zamora,5
2463,109,Zamora,6,Zamora,5
2464,109,Zamora,6,Zamora,5
2465,109,Zamora,6,Zamora,5
2466,109,Zamora,6,Zamora,5
2467,109,Zamora,6,Zamora,5
2468,109,Zamora,6,Zamora,5
2469,109,Zamora,6,Zamora,5
2470,109,Zamora,6,Zamora,5
2471,109,Zamora,6,Zamora,5
2472,109,Zamora,6,Zamora,5
2473,109,Zamora,6,Zamora,5
2474,109,Zamora,6,Zamora,5
2475,109,Zamora,6,Zamora,5
2476,109,Zamora,6,Zamora,5
2477,109,Zamora,6,Zamora,5
2478,109,Zamora,6,Zamora,5
2479,109,Zamora,6,Zamora,5
2480,109,Zamora,6,Zamora,5
2481,109,Zamora,6,Zamora,5
2482,109,Zamora,6,Zamora,5
2483,109,Zamora,6,Zamora,5
2484,109,Zamora,6,Zamora,5
2485,109,Zamora,6,Zamora,5
2486,109,Zamora,6,Zamora,5
2487,109,Zamora,6,Zamora,5
2488,109,Zamora,6,Zamora,5
2489,109,Zamora,6,Zamora,5
2490,109,Zamora,6,Zamora,5
2491,109,Zamora,6,Zamora,5
2492,109,Zamora,6,Zamora,5
2493,109,Zamora,6,Zamora,5
2494,109,Zamora,6,Zamora,5
2495,109,Zamora,6,Zamora,5
2496,109,Zamora,6,Zamora,5
2497,109,Zamora,6,Zamora,5
2498,109,Zamora,6,Zamora,5
2499,109,Zamora,6,Zamora,5
2500,109,Zamora,6,Zamora,5
2501,109,Zamora,6,Zamora,5
2502,109,Zamora,6,Zamora,5
2503,109,Zamora,6,Zamora,5
2504,109,Zamora,6,Zamora,5
2505,109,Zamora,6,Zamora,5
2506,109,Zamora,6,Zamora,5
2507,109,Zamora,6,Zamora,5
2508,109,Zamora,6,Zamora,5
2509,109,Zamora,6,Zamora,5
2510,109,Zamora,6,Zamora,5
2511,109,Zamora,6,Zamora,5
2512,109,Zamora,6,Zamora,5
2513,109,Zamora,6,Zamora,5
2514,109,Zamora,6,Zamora,5
2515,109,Zamora,6,Zamora,5
2516,109,Zamora,6,Zamora,5
2517,109,Zamora,6,Zamora,5
2518,109,Zamora,6,Zamora,5
2519,109,Zamora,6,Zamora,5
2520,109,Zamora,6,Zamora,5
2521,109,Zamora,6,Zamora,5
2522,109,Zamora,6,Zamora,5
2523,109,Zamora,6,Zamora,5
2524,109,Zamora,6,Zamora,5
2525,109,Zamora,6,Zamora,5
2526,109,Zamora,6,Zamora,5
2527,109,Zamora,6,Zamora,5
2529,109,Zamora,6,Zamora,5
2530,109,Zamora,6,Zamora,5
2531,110,Zinaparo,1,La Piedad,5
2532,110,Zinaparo,1,La Piedad,5
2533,110,Zinaparo,1,La Piedad,5
2534,110,Zinaparo,1,La Piedad,5
2535,110,Zinaparo,1,La Piedad,5
2536,110,Zinaparo,1,La Piedad,5
2537,110,Zinaparo,1,La Piedad,5
2538,111,Zinapecuaro,12, Hidalgo,6
2539,111,Zinapecuaro,12, Hidalgo,6
2540,111,Zinapecuaro,12, Hidalgo,6
2541,111,Zinapecuaro,12, Hidalgo,6
2542,111,Zinapecuaro,12, Hidalgo,6
2543,111,Zinapecuaro,12, Hidalgo,6
2544,111,Zinapecuaro,12, Hidalgo,6
2545,111,Zinapecuaro,12, Hidalgo,6
2546,111,Zinapecuaro,12, Hidalgo,6
2547,111,Zinapecuaro,12, Hidalgo,6
2548,111,Zinapecuaro,12, Hidalgo,6
2549,111,Zinapecuaro,12, Hidalgo,6
2550,111,Zinapecuaro,12, Hidalgo,6
2551,111,Zinapecuaro,12, Hidalgo,6
2552,111,Zinapecuaro,12, Hidalgo,6
2553,111,Zinapecuaro,12, Hidalgo,6
2554,111,Zinapecuaro,12, Hidalgo,6
2555,111,Zinapecuaro,12, Hidalgo,6
2556,111,Zinapecuaro,12, Hidalgo,6
2557,111,Zinapecuaro,12, Hidalgo,6
2558,111,Zinapecuaro,12, Hidalgo,6
2559,111,Zinapecuaro,12, Hidalgo,6
2560,111,Zinapecuaro,12, Hidalgo,6
2561,111,Zinapecuaro,12, Hidalgo,6
2562,111,Zinapecuaro,12, Hidalgo,6
2563,111,Zinapecuaro,12, Hidalgo,6
2564,111,Zinapecuaro,12, Hidalgo,6
2565,111,Zinapecuaro,12, Hidalgo,6
2566,111,Zinapecuaro,12, Hidalgo,6
2567,111,Zinapecuaro,12, Hidalgo,6
2568,111,Zinapecuaro,12, Hidalgo,6
2569,111,Zinapecuaro,12, Hidalgo,6
2570,112,Ziracuaretiro,15,Patzcuaro,11
2571,112,Ziracuaretiro,15,Patzcuaro,11
2572,112,Ziracuaretiro,15,Patzcuaro,11
2573,112,Ziracuaretiro,15,Patzcuaro,11
2574,112,Ziracuaretiro,15,Patzcuaro,11
2575,112,Ziracuaretiro,15,Patzcuaro,11
2576,112,Ziracuaretiro,15,Patzcuaro,11
2577,112,Ziracuaretiro,15,Patzcuaro,11
2578,113,Zitacuaro,13, Zitacuaro,3
2579,113,Zitacuaro,13, Zitacuaro,3
2580,113,Zitacuaro,13, Zitacuaro,3
2581,113,Zitacuaro,13, Zitacuaro,3
2582,113,Zitacuaro,13, Zitacuaro,3
2583,113,Zitacuaro,13, Zitacuaro,3
2584,113,Zitacuaro,13, Zitacuaro,3
2585,113,Zitacuaro,13, Zitacuaro,3
2586,113,Zitacuaro,13, Zitacuaro,3
2587,113,Zitacuaro,13, Zitacuaro,3
2588,113,Zitacuaro,13, Zitacuaro,3
2589,113,Zitacuaro,13, Zitacuaro,3
2590,113,Zitacuaro,13, Zitacuaro,3
2591,113,Zitacuaro,13, Zitacuaro,3
2592,113,Zitacuaro,13, Zitacuaro,3
2593,113,Zitacuaro,13, Zitacuaro,3
2594,113,Zitacuaro,13, Zitacuaro,3
2595,113,Zitacuaro,13, Zitacuaro,3
2596,113,Zitacuaro,13, Zitacuaro,3
2597,113,Zitacuaro,13, Zitacuaro,3
2598,113,Zitacuaro,13, Zitacuaro,3
2599,113,Zitacuaro,13, Zitacuaro,3
2600,113,Zitacuaro,13, Zitacuaro,3
2601,113,Zitacuaro,13, Zitacuaro,3
2602,113,Zitacuaro,13, Zitacuaro,3
2603,113,Zitacuaro,13, Zitacuaro,3
2604,113,Zitacuaro,13, Zitacuaro,3
2605,113,Zitacuaro,13, Zitacuaro,3
2606,113,Zitacuaro,13, Zitacuaro,3
2607,113,Zitacuaro,13, Zitacuaro,3
2608,113,Zitacuaro,13, Zitacuaro,3
2609,113,Zitacuaro,13, Zitacuaro,3
2610,113,Zitacuaro,13, Zitacuaro,3
2611,113,Zitacuaro,13, Zitacuaro,3
2612,113,Zitacuaro,13, Zitacuaro,3
2613,113,Zitacuaro,13, Zitacuaro,3
2614,113,Zitacuaro,13, Zitacuaro,3
2615,113,Zitacuaro,13, Zitacuaro,3
2616,113,Zitacuaro,13, Zitacuaro,3
2617,113,Zitacuaro,13, Zitacuaro,3
2618,113,Zitacuaro,13, Zitacuaro,3
2619,113,Zitacuaro,13, Zitacuaro,3
2620,113,Zitacuaro,13, Zitacuaro,3
2621,113,Zitacuaro,13, Zitacuaro,3
2622,113,Zitacuaro,13, Zitacuaro,3
2623,113,Zitacuaro,13, Zitacuaro,3
2624,113,Zitacuaro,13, Zitacuaro,3
2625,113,Zitacuaro,13, Zitacuaro,3
2626,113,Zitacuaro,13, Zitacuaro,3
2627,113,Zitacuaro,13, Zitacuaro,3
2628,113,Zitacuaro,13, Zitacuaro,3
2629,113,Zitacuaro,13, Zitacuaro,3
2630,113,Zitacuaro,13, Zitacuaro,3
2631,113,Zitacuaro,13, Zitacuaro,3
2632,113,Zitacuaro,13, Zitacuaro,3
2633,113,Zitacuaro,13, Zitacuaro,3
2634,113,Zitacuaro,13, Zitacuaro,3
2635,113,Zitacuaro,13, Zitacuaro,3
2636,113,Zitacuaro,13, Zitacuaro,3
2637,113,Zitacuaro,13, Zitacuaro,3
2638,113,Zitacuaro,13, Zitacuaro,3
2639,113,Zitacuaro,13, Zitacuaro,3
2640,113,Zitacuaro,13, Zitacuaro,3
2641,113,Zitacuaro,13, Zitacuaro,3
2642,113,Zitacuaro,13, Zitacuaro,3
2643,113,Zitacuaro,13, Zitacuaro,3
2644,113,Zitacuaro,13, Zitacuaro,3
2645,113,Zitacuaro,13, Zitacuaro,3
2646,113,Zitacuaro,13, Zitacuaro,3
2647,113,Zitacuaro,13, Zitacuaro,3
2648,113,Zitacuaro,13, Zitacuaro,3
2649,113,Zitacuaro,13, Zitacuaro,3
2650,113,Zitacuaro,13, Zitacuaro,3
2651,113,Zitacuaro,13, Zitacuaro,3
2652,113,Zitacuaro,13, Zitacuaro,3
2653,113,Zitacuaro,13, Zitacuaro,3
2654,113,Zitacuaro,13, Zitacuaro,3
2655,113,Zitacuaro,13, Zitacuaro,3
2656,113,Zitacuaro,13, Zitacuaro,3
2657,113,Zitacuaro,13, Zitacuaro,3
2658,113,Zitacuaro,13, Zitacuaro,3
2659,113,Zitacuaro,13, Zitacuaro,3
2660,6,Apatzingan,23,Apatzingan ,2
2661,6,Apatzingan,23,Apatzingan ,2
2662,6,Apatzingan,23,Apatzingan ,2
2663,6,Apatzingan,23,Apatzingan ,2
2664,6,Apatzingan,23,Apatzingan ,2
2665,6,Apatzingan,23,Apatzingan ,2
2666,35,La Huacana,22,Mugica,1
2667,35,La Huacana,22,Mugica,1
2668,35,La Huacana,22,Mugica,1
2669,35,La Huacana,22,Mugica,1
2670,35,La Huacana,22,Mugica,1
2671,65,Paracuaro,22,Mugica,1
2672,65,Paracuaro,22,Mugica,1
2673,80,Salvador Escalante,15,Patzcuaro,11
2674,80,Salvador Escalante,15,Patzcuaro,11
2675,54,Morelia,11,Morelia Noreste,10
2676,109,Zamora,6,Zamora,5
2677,54,Morelia,10,Morelia Noroeste,8
2678,89,Tarimbaro,8,Tarimbaro,6
2679,89,Tarimbaro,8,Tarimbaro,6
2680,89,Tarimbaro,8,Tarimbaro,6
2681,89,Tarimbaro,8,Tarimbaro,6
2682,89,Tarimbaro,8,Tarimbaro,6
2683,89,Tarimbaro,8,Tarimbaro,6
2684,89,Tarimbaro,8,Tarimbaro,6
2685,89,Tarimbaro,8,Tarimbaro,6
2686,89,Tarimbaro,8,Tarimbaro,6
2687,89,Tarimbaro,8,Tarimbaro,6
2688,89,Tarimbaro,8,Tarimbaro,6
2689,89,Tarimbaro,8,Tarimbaro,6
2690,89,Tarimbaro,8,Tarimbaro,6
2691,89,Tarimbaro,8,Tarimbaro,6
2692,54,Morelia,11,Morelia Noreste,10
2693,89,Tarimbaro,8,Tarimbaro,6
2694,89,Tarimbaro,8,Tarimbaro,6
2695,89,Tarimbaro,8,Tarimbaro,6
2696,89,Tarimbaro,8,Tarimbaro,6
2697,89,Tarimbaro,8,Tarimbaro,6
2698,89,Tarimbaro,8,Tarimbaro,6
2699,89,Tarimbaro,8,Tarimbaro,6
2702,54,Morelia,10,Morelia Noroeste,8
2703,54,Morelia,11,Morelia Noreste,10
2704,54,Morelia,16,Morelia Suroeste,8
2705,54,Morelia,16,Morelia Suroeste,8
2706,54,Morelia,16,Morelia Suroeste,8
2707,54,Morelia,16,Morelia Suroeste,8
2708,54,Morelia,16,Morelia Suroeste,8
2709,54,Morelia,16,Morelia Suroeste,8
2710,54,Morelia,16,Morelia Suroeste,8
2711,54,Morelia,16,Morelia Suroeste,8
2712,54,Morelia,16,Morelia Suroeste,8
2713,54,Morelia,16,Morelia Suroeste,8
2714,54,Morelia,16,Morelia Suroeste,8
2715,54,Morelia,16,Morelia Suroeste,8
2716,54,Morelia,16,Morelia Suroeste,8
2717,54,Morelia,10,Morelia Noroeste,8
2718,54,Morelia,10,Morelia Noroeste,8
2719,54,Morelia,10,Morelia Noroeste,8
2720,54,Morelia,10,Morelia Noroeste,8
2721,54,Morelia,10,Morelia Noroeste,8
2722,54,Morelia,10,Morelia Noroeste,8
2723,54,Morelia,10,Morelia Noroeste,8
2724,54,Morelia,10,Morelia Noroeste,8
2725,109,Zamora,6,Zamora,5
2726,109,Zamora,6,Zamora,5
2727,108,Zacapu,7,Zacapu,4
2728,108,Zacapu,7,Zacapu,4
2731,103,Uruapan,20,Uruapan Sur,9
2732,103,Uruapan,20,Uruapan Sur,9
2733,67,Patzcuaro,15,Patzcuaro,11
2734,67,Patzcuaro,15,Patzcuaro,11
